timestamp_utc,pid,name,role,working_set_mb,private_mb
2026-08-24T10:35:49Z,39916,Rscript.exe,network-build,76.1,0
2026-08-24T10:35:59Z,39916,Rscript.exe,network-build,136.4,0
2026-08-24T10:36:09Z,39916,Rscript.exe,network-build,5520.6,0
2026-08-24T10:36:19Z,39916,Rscript.exe,network-build,3792.6,0
2026-08-24T10:36:30Z,39916,Rscript.exe,network-build,1889.9,0
2026-08-24T10:36:40Z,39916,Rscript.exe,network-build,2096.3,0
2026-08-24T10:36:50Z,39916,Rscript.exe,network-build,2635.7,0
2026-08-24T10:37:00Z,39916,Rscript.exe,network-build,3440.2,0
2026-08-24T10:37:10Z,39916,Rscript.exe,network-build,3437.4,0
2026-08-24T10:37:20Z,39916,Rscript.exe,network-build,3391.3,0
2026-08-24T10:37:30Z,39916,Rscript.exe,network-build,3401.5,0
2026-08-24T10:37:40Z,39916,Rscript.exe,network-build,2984.8,0
2026-08-24T10:37:50Z,39916,Rscript.exe,network-build,3057.6,0
2026-08-24T10:38:00Z,39916,Rscript.exe,network-build,3081.8,0
2026-08-24T10:38:10Z,39916,Rscript.exe,network-build,3169.8,0
2026-08-24T10:38:20Z,39916,Rscript.exe,network-build,3283.1,0
2026-08-24T10:38:30Z,39916,Rscript.exe,network-build,3508.4,0
2026-08-24T10:38:40Z,39916,Rscript.exe,network-build,3578.5,0
2026-08-24T10:38:51Z,39916,Rscript.exe,network-build,4007.3,0
2026-08-24T10:39:01Z,39916,Rscript.exe,network-build,3814.2,0
2026-08-24T10:39:11Z,39916,Rscript.exe,network-build,3737.7,0
2026-08-24T10:39:21Z,39916,Rscript.exe,network-build,3763.8,0
2026-08-24T10:39:31Z,39916,Rscript.exe,network-build,3895.9,0
2026-08-24T10:39:41Z,39916,Rscript.exe,network-build,3652.9,0
2026-08-24T10:39:41Z,43644,Rscript.exe,other,139.7,0
2026-08-24T10:39:51Z,39916,Rscript.exe,network-build,3860,0
2026-08-24T10:40:01Z,39916,Rscript.exe,network-build,3862.7,0
2026-08-24T10:40:01Z,37700,Rscript.exe,other,140.5,0
2026-08-24T10:40:11Z,39916,Rscript.exe,network-build,3929.7,0
2026-08-24T10:40:21Z,39916,Rscript.exe,network-build,4050,0
2026-08-24T10:40:31Z,39916,Rscript.exe,network-build,3873.8,0
2026-08-24T10:40:31Z,31056,Rscript.exe,other,83.6,0
2026-08-24T10:40:41Z,39916,Rscript.exe,network-build,4271.7,0
2026-08-24T10:40:51Z,39916,Rscript.exe,network-build,4329.2,0
2026-08-24T10:41:01Z,39916,Rscript.exe,network-build,4433.8,0
2026-08-24T10:41:11Z,39916,Rscript.exe,network-build,4269,0
2026-08-24T10:41:21Z,39916,Rscript.exe,network-build,4239.2,0
2026-08-24T10:41:31Z,39916,Rscript.exe,network-build,4321.6,0
2026-08-24T10:41:41Z,39916,Rscript.exe,network-build,4270.5,0
2026-08-24T10:41:41Z,27304,Rscript.exe,other,195.8,0
2026-08-24T10:41:51Z,39916,Rscript.exe,network-build,4320.7,0
2026-08-24T10:42:02Z,39916,Rscript.exe,network-build,4731.1,0
2026-08-24T10:42:12Z,39916,Rscript.exe,network-build,6152.8,0
2026-08-24T10:42:22Z,39916,Rscript.exe,network-build,6150.1,0
2026-08-24T10:42:32Z,39916,Rscript.exe,network-build,6176.8,0
2026-08-24T10:42:42Z,39916,Rscript.exe,network-build,6161.9,0
2026-08-24T10:42:42Z,37080,Rscript.exe,other,144.1,0
2026-08-24T10:42:52Z,39916,Rscript.exe,network-build,6161.2,0
2026-08-24T10:42:52Z,31992,Rscript.exe,other,148.4,0
2026-08-24T10:43:02Z,39916,Rscript.exe,network-build,6159.5,0
2026-08-24T10:43:12Z,39916,Rscript.exe,network-build,6159.4,0
2026-08-24T10:43:12Z,25424,Rscript.exe,other,142.5,0
2026-08-24T10:43:22Z,39916,Rscript.exe,network-build,6159.3,0
2026-08-24T10:43:32Z,39916,Rscript.exe,network-build,6159.3,0
2026-08-24T10:43:42Z,39916,Rscript.exe,network-build,6159.2,0
2026-08-24T10:43:53Z,39916,Rscript.exe,network-build,6159.1,0
2026-08-24T10:44:03Z,39916,Rscript.exe,network-build,6159.3,0
2026-08-24T10:44:13Z,39916,Rscript.exe,network-build,6159.1,0
2026-08-24T10:44:23Z,39916,Rscript.exe,network-build,6159.2,0
2026-08-24T10:44:33Z,39916,Rscript.exe,network-build,6159.2,0
2026-08-24T10:44:43Z,39916,Rscript.exe,network-build,6159.2,0
2026-08-24T10:44:53Z,39916,Rscript.exe,network-build,6159.2,0
2026-08-24T10:45:03Z,39916,Rscript.exe,network-build,6159.5,0
2026-08-24T10:45:13Z,39916,Rscript.exe,network-build,6159.3,0
2026-08-24T10:45:23Z,39916,Rscript.exe,network-build,6159.1,0
2026-08-24T10:45:33Z,39916,Rscript.exe,network-build,6159.4,0
2026-08-24T10:45:43Z,39916,Rscript.exe,network-build,6159.3,0
2026-08-24T10:45:53Z,39916,Rscript.exe,network-build,6159.5,0
2026-08-24T10:46:03Z,39916,Rscript.exe,network-build,6159.3,0
2026-08-24T10:46:13Z,39916,Rscript.exe,network-build,6159.4,0
2026-08-24T10:46:13Z,11700,Rscript.exe,other,88,0
2026-08-24T10:46:23Z,39916,Rscript.exe,network-build,6159.3,0
2026-08-24T10:46:33Z,39916,Rscript.exe,network-build,6159.6,0
2026-08-24T10:46:33Z,27128,Rscript.exe,other,215.3,0
2026-08-24T10:46:43Z,39916,Rscript.exe,network-build,6159.4,0
2026-08-24T10:46:53Z,39916,Rscript.exe,network-build,6159.2,0
2026-08-24T10:47:03Z,39916,Rscript.exe,network-build,6159.1,0
2026-08-24T10:47:13Z,39916,Rscript.exe,network-build,6159.1,0
2026-08-24T10:47:24Z,39916,Rscript.exe,network-build,6159.1,0
2026-08-24T10:47:34Z,39916,Rscript.exe,network-build,6159,0
2026-08-24T10:47:44Z,39916,Rscript.exe,network-build,6159.1,0
2026-08-24T10:47:54Z,39916,Rscript.exe,network-build,6159,0
2026-08-24T10:48:04Z,39916,Rscript.exe,network-build,6159.3,0
2026-08-24T10:48:14Z,39916,Rscript.exe,network-build,6159.1,0
2026-08-24T10:48:14Z,4896,Rscript.exe,other,213.7,0
2026-08-24T10:48:24Z,39916,Rscript.exe,network-build,6159.2,0
2026-08-24T10:48:34Z,39916,Rscript.exe,network-build,6159.2,0
2026-08-24T10:48:44Z,39916,Rscript.exe,network-build,6159.4,0
2026-08-24T10:48:54Z,39916,Rscript.exe,network-build,6159.3,0
2026-08-24T10:49:04Z,39916,Rscript.exe,network-build,6159.5,0
2026-08-24T10:49:14Z,39916,Rscript.exe,network-build,6159.3,0
2026-08-24T10:49:24Z,39916,Rscript.exe,network-build,6159.2,0
2026-08-24T10:49:34Z,39916,Rscript.exe,network-build,6159,0
2026-08-24T10:49:44Z,39916,Rscript.exe,network-build,6159,0
2026-08-24T10:49:54Z,39916,Rscript.exe,network-build,6159.1,0
2026-08-24T10:50:04Z,39916,Rscript.exe,network-build,6159.4,0
2026-08-24T10:50:04Z,38756,Rscript.exe,other,137.4,0
2026-08-24T10:50:14Z,39916,Rscript.exe,network-build,6159.3,0
2026-08-24T10:50:14Z,38756,Rscript.exe,other,149.1,0
2026-08-24T10:50:25Z,39916,Rscript.exe,network-build,6159.4,0
2026-08-24T10:50:25Z,38756,Rscript.exe,other,177.2,0
2026-08-24T10:50:35Z,39916,Rscript.exe,network-build,6159.2,0
2026-08-24T10:50:35Z,38756,Rscript.exe,other,180.8,0
2026-08-24T10:50:45Z,39916,Rscript.exe,network-build,6159.2,0
2026-08-24T10:50:45Z,38756,Rscript.exe,other,180.6,0
2026-08-24T10:50:55Z,39916,Rscript.exe,network-build,6159.4,0
2026-08-24T10:50:55Z,38756,Rscript.exe,other,182.5,0
2026-08-24T10:51:05Z,39916,Rscript.exe,network-build,6159.2,0
2026-08-24T10:51:05Z,38756,Rscript.exe,other,185.1,0
2026-08-24T10:51:15Z,39916,Rscript.exe,network-build,6159.6,0
2026-08-24T10:51:15Z,38756,Rscript.exe,other,185.9,0
2026-08-24T10:51:25Z,39916,Rscript.exe,network-build,6159.6,0
2026-08-24T10:51:25Z,38756,Rscript.exe,other,186,0
2026-08-24T10:51:35Z,39916,Rscript.exe,network-build,6159.4,0
2026-08-24T10:51:35Z,38756,Rscript.exe,other,185.8,0
2026-08-24T10:51:45Z,39916,Rscript.exe,network-build,6159.6,0
2026-08-24T10:51:55Z,39916,Rscript.exe,network-build,6159.1,0
2026-08-24T10:52:05Z,39916,Rscript.exe,network-build,6159.2,0
2026-08-24T10:52:15Z,39916,Rscript.exe,network-build,6159.5,0
2026-08-24T10:52:15Z,41812,Rscript.exe,other,140.8,0
2026-08-24T10:52:25Z,39916,Rscript.exe,network-build,6159.4,0
2026-08-24T10:52:25Z,41812,Rscript.exe,other,138.3,0
2026-08-24T10:52:35Z,39916,Rscript.exe,network-build,6159.2,0
2026-08-24T10:52:35Z,41812,Rscript.exe,other,148.9,0
2026-08-24T10:52:46Z,39916,Rscript.exe,network-build,6159.6,0
2026-08-24T10:52:46Z,41812,Rscript.exe,other,178.8,0
2026-08-24T10:52:56Z,39916,Rscript.exe,network-build,6159.4,0
2026-08-24T10:52:56Z,41812,Rscript.exe,other,180.4,0
2026-08-24T10:53:06Z,39916,Rscript.exe,network-build,6159.7,0
2026-08-24T10:53:06Z,41812,Rscript.exe,other,181.8,0
2026-08-24T10:53:16Z,39916,Rscript.exe,network-build,6159.2,0
2026-08-24T10:53:16Z,41812,Rscript.exe,other,182.8,0
2026-08-24T10:53:26Z,39916,Rscript.exe,network-build,6159.2,0
2026-08-24T10:53:26Z,41812,Rscript.exe,other,185.2,0
2026-08-24T10:53:36Z,39916,Rscript.exe,network-build,6159.3,0
2026-08-24T10:53:36Z,41812,Rscript.exe,other,185.9,0
2026-08-24T10:53:46Z,39916,Rscript.exe,network-build,6159.3,0
2026-08-24T10:53:46Z,41812,Rscript.exe,other,185.9,0
2026-08-24T10:53:56Z,39916,Rscript.exe,network-build,6159.3,0
2026-08-24T10:53:56Z,41812,Rscript.exe,other,185.5,0
2026-08-24T10:54:06Z,39916,Rscript.exe,network-build,6159.6,0
2026-08-24T10:54:16Z,39916,Rscript.exe,network-build,6159.7,0
2026-08-24T10:54:26Z,39916,Rscript.exe,network-build,6159.2,0
2026-08-24T10:54:26Z,16032,Rscript.exe,other,349.6,0
2026-08-24T10:54:36Z,39916,Rscript.exe,network-build,6159.7,0
2026-08-24T10:54:46Z,39916,Rscript.exe,network-build,6159.1,0
2026-08-24T10:54:56Z,39916,Rscript.exe,network-build,6159,0
2026-08-24T10:55:06Z,39916,Rscript.exe,network-build,6159.5,0
2026-08-24T10:55:16Z,39916,Rscript.exe,network-build,6159.5,0
2026-08-24T10:55:26Z,39916,Rscript.exe,network-build,6159.2,0
2026-08-24T10:55:37Z,39916,Rscript.exe,network-build,6159.3,0
2026-08-24T10:55:47Z,39916,Rscript.exe,network-build,6159.5,0
2026-08-24T10:55:57Z,39916,Rscript.exe,network-build,6159.7,0
2026-08-24T10:55:57Z,22756,Rscript.exe,other,79.5,0
2026-08-24T10:56:07Z,39916,Rscript.exe,network-build,6159.4,0
2026-08-24T10:56:17Z,39916,Rscript.exe,network-build,6159.6,0
2026-08-24T10:56:27Z,39916,Rscript.exe,network-build,6159.7,0
2026-08-24T10:56:37Z,39916,Rscript.exe,network-build,6159.8,0
2026-08-24T10:56:47Z,39916,Rscript.exe,network-build,6159.2,0
2026-08-24T10:56:57Z,39916,Rscript.exe,network-build,6159,0
2026-08-24T10:57:07Z,39916,Rscript.exe,network-build,6159.5,0
2026-08-24T10:57:17Z,39916,Rscript.exe,network-build,6159,0
2026-08-24T10:57:27Z,39916,Rscript.exe,network-build,6161.1,0
2026-08-24T10:57:37Z,39916,Rscript.exe,network-build,6159,0
2026-08-24T10:57:47Z,39916,Rscript.exe,network-build,6159.2,0
2026-08-24T10:57:57Z,39916,Rscript.exe,network-build,6160,0
2026-08-24T10:58:07Z,39916,Rscript.exe,network-build,6160.2,0
2026-08-24T10:58:17Z,39916,Rscript.exe,network-build,6159.3,0
2026-08-24T10:58:27Z,39916,Rscript.exe,network-build,6159.4,0
2026-08-24T10:58:37Z,39916,Rscript.exe,network-build,6159.5,0
2026-08-24T10:58:47Z,39916,Rscript.exe,network-build,6159.4,0
2026-08-24T10:58:58Z,39916,Rscript.exe,network-build,6159.4,0
2026-08-24T10:59:08Z,39916,Rscript.exe,network-build,6159.4,0
2026-08-24T10:59:18Z,39916,Rscript.exe,network-build,6159.5,0
2026-08-24T10:59:28Z,39916,Rscript.exe,network-build,6159.5,0
2026-08-24T10:59:38Z,39916,Rscript.exe,network-build,6159.5,0
2026-08-24T10:59:48Z,39916,Rscript.exe,network-build,6159.3,0
2026-08-24T10:59:58Z,39916,Rscript.exe,network-build,6159.5,0
2026-08-24T11:00:08Z,39916,Rscript.exe,network-build,6159.3,0
2026-08-24T11:00:18Z,39916,Rscript.exe,network-build,6159.1,0
2026-08-24T11:00:28Z,39916,Rscript.exe,network-build,6159.4,0
2026-08-24T11:00:38Z,39916,Rscript.exe,network-build,6159.3,0
2026-08-24T11:00:48Z,39916,Rscript.exe,network-build,6159.1,0
2026-08-24T11:00:58Z,39916,Rscript.exe,network-build,6159.1,0
2026-08-24T11:01:08Z,39916,Rscript.exe,network-build,6159,0
2026-08-24T11:01:18Z,39916,Rscript.exe,network-build,6159,0
2026-08-24T11:01:28Z,39916,Rscript.exe,network-build,6158.9,0
2026-08-24T11:01:38Z,39916,Rscript.exe,network-build,6159,0
2026-08-24T11:01:48Z,39916,Rscript.exe,network-build,6159,0
2026-08-24T11:01:59Z,39916,Rscript.exe,network-build,6159.1,0
2026-08-24T11:02:09Z,39916,Rscript.exe,network-build,6159.1,0
2026-08-24T11:02:19Z,39916,Rscript.exe,network-build,6159.3,0
2026-08-24T11:02:29Z,39916,Rscript.exe,network-build,6159.3,0
2026-08-24T11:02:39Z,39916,Rscript.exe,network-build,6159.2,0
2026-08-24T11:02:49Z,39916,Rscript.exe,network-build,6159.2,0
2026-08-24T11:02:59Z,39916,Rscript.exe,network-build,6159.4,0
2026-08-24T11:03:09Z,39916,Rscript.exe,network-build,6159.2,0
2026-08-24T11:03:19Z,39916,Rscript.exe,network-build,6159.4,0
2026-08-24T11:03:29Z,39916,Rscript.exe,network-build,6159.1,0
2026-08-24T11:03:39Z,39916,Rscript.exe,network-build,6159.5,0
2026-08-24T11:03:49Z,39916,Rscript.exe,network-build,6159.4,0
2026-08-24T11:03:59Z,39916,Rscript.exe,network-build,6159.5,0
2026-08-24T11:04:09Z,39916,Rscript.exe,network-build,6159.3,0
2026-08-24T11:04:19Z,39916,Rscript.exe,network-build,6159.5,0
2026-08-24T11:04:29Z,39916,Rscript.exe,network-build,6159.2,0
2026-08-24T11:04:39Z,39916,Rscript.exe,network-build,6159,0
2026-08-24T11:04:49Z,39916,Rscript.exe,network-build,6159.5,0
2026-08-24T11:04:59Z,39916,Rscript.exe,network-build,6159.2,0
2026-08-24T11:05:09Z,39916,Rscript.exe,network-build,6159.2,0
2026-08-24T11:05:20Z,39916,Rscript.exe,network-build,6159.3,0
2026-08-24T11:05:30Z,39916,Rscript.exe,network-build,6159.1,0
2026-08-24T11:05:40Z,39916,Rscript.exe,network-build,6159.3,0
2026-08-24T11:05:50Z,39916,Rscript.exe,network-build,6159.1,0
2026-08-24T11:06:00Z,39916,Rscript.exe,network-build,6159.2,0
2026-08-24T11:06:10Z,39916,Rscript.exe,network-build,6159.1,0
2026-08-24T11:06:20Z,39916,Rscript.exe,network-build,6159.4,0
2026-08-24T11:06:30Z,39916,Rscript.exe,network-build,6159.3,0
2026-08-24T11:06:40Z,39916,Rscript.exe,network-build,6159.4,0
2026-08-24T11:06:50Z,39916,Rscript.exe,network-build,6159.5,0
2026-08-24T11:07:00Z,39916,Rscript.exe,network-build,6159.3,0
2026-08-24T11:07:10Z,39916,Rscript.exe,network-build,6159.2,0
2026-08-24T11:07:20Z,39916,Rscript.exe,network-build,6159.1,0
2026-08-24T11:07:30Z,39916,Rscript.exe,network-build,6159,0
2026-08-24T11:07:40Z,39916,Rscript.exe,network-build,6159,0
2026-08-24T11:07:50Z,39916,Rscript.exe,network-build,6159.2,0
2026-08-24T11:08:00Z,39916,Rscript.exe,network-build,6159.1,0
2026-08-24T11:08:10Z,39916,Rscript.exe,network-build,6159.3,0
2026-08-24T11:08:20Z,39916,Rscript.exe,network-build,6159.3,0
2026-08-24T11:08:30Z,39916,Rscript.exe,network-build,6159.2,0
2026-08-24T11:08:41Z,39916,Rscript.exe,network-build,6159.4,0
2026-08-24T11:08:51Z,39916,Rscript.exe,network-build,6159.5,0
2026-08-24T11:09:01Z,39916,Rscript.exe,network-build,6159.1,0
2026-08-24T11:09:11Z,39916,Rscript.exe,network-build,6159,0
2026-08-24T11:09:21Z,39916,Rscript.exe,network-build,6159.2,0
2026-08-24T11:09:31Z,39916,Rscript.exe,network-build,6159,0
2026-08-24T11:09:41Z,39916,Rscript.exe,network-build,6158.9,0
2026-08-24T11:09:51Z,39916,Rscript.exe,network-build,6159.3,0
2026-08-24T11:10:01Z,39916,Rscript.exe,network-build,6159.3,0
2026-08-24T11:10:11Z,39916,Rscript.exe,network-build,6159.4,0
2026-08-24T11:10:21Z,39916,Rscript.exe,network-build,6159.5,0
2026-08-24T11:10:31Z,39916,Rscript.exe,network-build,6159.4,0
2026-08-24T11:10:41Z,39916,Rscript.exe,network-build,6159,0
2026-08-24T11:10:51Z,39916,Rscript.exe,network-build,6158.9,0
2026-08-24T11:11:01Z,39916,Rscript.exe,network-build,6159,0
2026-08-24T11:11:11Z,39916,Rscript.exe,network-build,6159.2,0
2026-08-24T11:11:21Z,39916,Rscript.exe,network-build,6159.1,0
2026-08-24T11:11:31Z,39916,Rscript.exe,network-build,6159.2,0
2026-08-24T11:11:41Z,39916,Rscript.exe,network-build,6159.3,0
2026-08-24T11:11:52Z,39916,Rscript.exe,network-build,6159.3,0
2026-08-24T11:12:02Z,39916,Rscript.exe,network-build,6159.3,0
2026-08-24T11:12:12Z,39916,Rscript.exe,network-build,6159.2,0
2026-08-24T11:12:22Z,39916,Rscript.exe,network-build,6159,0
2026-08-24T11:12:32Z,39916,Rscript.exe,network-build,6159.1,0
2026-08-24T11:12:42Z,39916,Rscript.exe,network-build,6159,0
2026-08-24T11:12:52Z,39916,Rscript.exe,network-build,6159.1,0
2026-08-24T11:13:02Z,39916,Rscript.exe,network-build,6159.4,0
2026-08-24T11:13:12Z,39916,Rscript.exe,network-build,6159.3,0
2026-08-24T11:13:22Z,39916,Rscript.exe,network-build,6159.3,0
2026-08-24T11:13:32Z,39916,Rscript.exe,network-build,6159.3,0
2026-08-24T11:13:42Z,39916,Rscript.exe,network-build,6159,0
2026-08-24T11:13:52Z,39916,Rscript.exe,network-build,6159,0
2026-08-24T11:14:02Z,39916,Rscript.exe,network-build,6158.9,0
2026-08-24T11:14:12Z,39916,Rscript.exe,network-build,6159,0
2026-08-24T11:14:22Z,39916,Rscript.exe,network-build,6159.1,0
2026-08-24T11:14:32Z,39916,Rscript.exe,network-build,6159.3,0
2026-08-24T11:14:42Z,39916,Rscript.exe,network-build,6159.3,0
2026-08-24T11:14:52Z,39916,Rscript.exe,network-build,6159.2,0
2026-08-24T11:15:02Z,39916,Rscript.exe,network-build,6159.3,0
2026-08-24T11:15:13Z,39916,Rscript.exe,network-build,6159,0
2026-08-24T11:15:23Z,39916,Rscript.exe,network-build,6159.1,0
2026-08-24T11:15:33Z,39916,Rscript.exe,network-build,6159.2,0
2026-08-24T11:15:43Z,39916,Rscript.exe,network-build,6159.2,0
2026-08-24T11:15:53Z,39916,Rscript.exe,network-build,6159.3,0
2026-08-24T11:16:03Z,39916,Rscript.exe,network-build,6159.4,0
2026-08-24T11:16:13Z,39916,Rscript.exe,network-build,6159,0
2026-08-24T11:16:23Z,39916,Rscript.exe,network-build,6159.2,0
2026-08-24T11:16:33Z,39916,Rscript.exe,network-build,6159.1,0
2026-08-24T11:16:43Z,39916,Rscript.exe,network-build,6159.1,0
2026-08-24T11:16:53Z,39916,Rscript.exe,network-build,6159.1,0
2026-08-24T11:17:03Z,39916,Rscript.exe,network-build,6159.2,0
2026-08-24T11:17:13Z,39916,Rscript.exe,network-build,6159.4,0
2026-08-24T11:17:23Z,39916,Rscript.exe,network-build,6159.6,0
2026-08-24T11:17:33Z,39916,Rscript.exe,network-build,6159,0
2026-08-24T11:17:43Z,39916,Rscript.exe,network-build,6159.2,0
2026-08-24T11:17:53Z,39916,Rscript.exe,network-build,6159.2,0
2026-08-24T11:18:03Z,39916,Rscript.exe,network-build,6159.4,0
2026-08-24T11:18:13Z,39916,Rscript.exe,network-build,6159.4,0
2026-08-24T11:18:23Z,39916,Rscript.exe,network-build,6159.2,0
2026-08-24T11:18:33Z,39916,Rscript.exe,network-build,6159,0
2026-08-24T11:18:44Z,39916,Rscript.exe,network-build,6159,0
2026-08-24T11:18:54Z,39916,Rscript.exe,network-build,6159.2,0
2026-08-24T11:19:04Z,39916,Rscript.exe,network-build,6159.2,0
2026-08-24T11:19:14Z,39916,Rscript.exe,network-build,6159.5,0
2026-08-24T11:19:24Z,39916,Rscript.exe,network-build,6159.6,0
2026-08-24T11:19:34Z,39916,Rscript.exe,network-build,6159.1,0
2026-08-24T11:19:44Z,39916,Rscript.exe,network-build,6159.5,0
2026-08-24T11:19:54Z,39916,Rscript.exe,network-build,6159.5,0
2026-08-24T11:20:04Z,39916,Rscript.exe,network-build,6159,0
2026-08-24T11:20:14Z,39916,Rscript.exe,network-build,6159.2,0
2026-08-24T11:20:24Z,39916,Rscript.exe,network-build,6159.1,0
2026-08-24T11:20:34Z,39916,Rscript.exe,network-build,6159.5,0
2026-08-24T11:20:44Z,39916,Rscript.exe,network-build,6159.6,0
2026-08-24T11:20:54Z,39916,Rscript.exe,network-build,6159.1,0
2026-08-24T11:21:04Z,39916,Rscript.exe,network-build,6159.6,0
2026-08-24T11:21:14Z,39916,Rscript.exe,network-build,6159.3,0
2026-08-24T11:21:24Z,39916,Rscript.exe,network-build,6159.1,0
2026-08-24T11:21:34Z,39916,Rscript.exe,network-build,6159.3,0
2026-08-24T11:21:44Z,39916,Rscript.exe,network-build,6159.2,0
2026-08-24T11:21:54Z,39916,Rscript.exe,network-build,6159.4,0
2026-08-24T11:22:05Z,39916,Rscript.exe,network-build,6159.1,0
2026-08-24T11:22:15Z,39916,Rscript.exe,network-build,6159.7,0
2026-08-24T11:22:25Z,39916,Rscript.exe,network-build,6159.2,0
2026-08-24T11:22:35Z,39916,Rscript.exe,network-build,6159.2,0
2026-08-24T11:22:45Z,39916,Rscript.exe,network-build,6159.2,0
2026-08-24T11:22:55Z,39916,Rscript.exe,network-build,6159.6,0
2026-08-24T11:23:05Z,39916,Rscript.exe,network-build,6159.2,0
2026-08-24T11:23:15Z,39916,Rscript.exe,network-build,6159.4,0
2026-08-24T11:23:25Z,39916,Rscript.exe,network-build,6159.5,0
2026-08-24T11:23:35Z,39916,Rscript.exe,network-build,6159.2,0
2026-08-24T11:23:45Z,39916,Rscript.exe,network-build,6159.7,0
2026-08-24T11:23:55Z,39916,Rscript.exe,network-build,6159.8,0
2026-08-24T11:24:05Z,39916,Rscript.exe,network-build,6159.1,0
2026-08-24T11:24:15Z,39916,Rscript.exe,network-build,6159.2,0
2026-08-24T11:24:25Z,39916,Rscript.exe,network-build,6159.5,0
2026-08-24T11:24:35Z,39916,Rscript.exe,network-build,6159.6,0
2026-08-24T11:24:45Z,39916,Rscript.exe,network-build,6159.7,0
2026-08-24T11:24:55Z,39916,Rscript.exe,network-build,6159.6,0
2026-08-24T11:25:05Z,39916,Rscript.exe,network-build,6159.1,0
2026-08-24T11:25:15Z,39916,Rscript.exe,network-build,6159.2,0
2026-08-24T11:25:25Z,39916,Rscript.exe,network-build,6159.2,0
2026-08-24T11:25:35Z,39916,Rscript.exe,network-build,6159.4,0
2026-08-24T11:25:46Z,39916,Rscript.exe,network-build,6162.1,0
2026-08-24T11:25:56Z,39916,Rscript.exe,network-build,6159.4,0
2026-08-24T11:26:06Z,39916,Rscript.exe,network-build,6159.5,0
2026-08-24T11:26:16Z,39916,Rscript.exe,network-build,6159.6,0
2026-08-24T11:26:26Z,39916,Rscript.exe,network-build,6159.3,0
2026-08-24T11:26:36Z,39916,Rscript.exe,network-build,6159.5,0
2026-08-24T11:26:46Z,39916,Rscript.exe,network-build,6159.7,0
2026-08-24T11:26:56Z,39916,Rscript.exe,network-build,6159.5,0
2026-08-24T11:27:06Z,39916,Rscript.exe,network-build,6159.6,0
2026-08-24T11:27:16Z,39916,Rscript.exe,network-build,6159.2,0
2026-08-24T11:27:26Z,39916,Rscript.exe,network-build,6159.2,0
2026-08-24T11:27:36Z,39916,Rscript.exe,network-build,6159.4,0
2026-08-24T11:27:46Z,39916,Rscript.exe,network-build,6159.6,0
2026-08-24T11:27:56Z,39916,Rscript.exe,network-build,6159.5,0
2026-08-24T11:28:06Z,39916,Rscript.exe,network-build,6159.9,0
2026-08-24T11:28:16Z,39916,Rscript.exe,network-build,6159.6,0
2026-08-24T11:28:26Z,39916,Rscript.exe,network-build,6159.4,0
2026-08-24T11:28:37Z,39916,Rscript.exe,network-build,6159.3,0
2026-08-24T11:28:47Z,39916,Rscript.exe,network-build,6159.3,0
2026-08-24T11:28:57Z,39916,Rscript.exe,network-build,6159.5,0
2026-08-24T11:29:07Z,39916,Rscript.exe,network-build,6159.5,0
2026-08-24T11:29:17Z,39916,Rscript.exe,network-build,6159.7,0
2026-08-24T11:29:27Z,39916,Rscript.exe,network-build,6159.3,0
2026-08-24T11:29:37Z,39916,Rscript.exe,network-build,6159.3,0
2026-08-24T11:29:47Z,39916,Rscript.exe,network-build,6159.3,0
2026-08-24T11:29:57Z,39916,Rscript.exe,network-build,6159.5,0
2026-08-24T11:30:07Z,39916,Rscript.exe,network-build,6159.6,0
2026-08-24T11:30:17Z,39916,Rscript.exe,network-build,6159.3,0
2026-08-24T11:30:27Z,39916,Rscript.exe,network-build,6159.2,0
2026-08-24T11:30:37Z,39916,Rscript.exe,network-build,6159.4,0
2026-08-24T11:30:47Z,39916,Rscript.exe,network-build,6159.6,0
2026-08-24T11:30:57Z,39916,Rscript.exe,network-build,6159.7,0
2026-08-24T11:31:07Z,39916,Rscript.exe,network-build,6159,0
2026-08-24T11:31:17Z,39916,Rscript.exe,network-build,6159.4,0
2026-08-24T11:31:27Z,39916,Rscript.exe,network-build,6159.3,0
2026-08-24T11:31:37Z,39916,Rscript.exe,network-build,6159.5,0
2026-08-24T11:31:47Z,39916,Rscript.exe,network-build,6159.6,0
2026-08-24T11:31:58Z,39916,Rscript.exe,network-build,6159.6,0
2026-08-24T11:32:08Z,39916,Rscript.exe,network-build,6159.7,0
2026-08-24T11:32:18Z,39916,Rscript.exe,network-build,6159.6,0
2026-08-24T11:32:28Z,39916,Rscript.exe,network-build,6159.2,0
2026-08-24T11:32:38Z,39916,Rscript.exe,network-build,6159.2,0
2026-08-24T11:32:48Z,39916,Rscript.exe,network-build,6159.2,0
2026-08-24T11:32:58Z,39916,Rscript.exe,network-build,6159.2,0
2026-08-24T11:33:08Z,39916,Rscript.exe,network-build,6159.6,0
2026-08-24T11:33:18Z,39916,Rscript.exe,network-build,6159.5,0
2026-08-24T11:33:28Z,39916,Rscript.exe,network-build,6159.6,0
2026-08-24T11:33:38Z,39916,Rscript.exe,network-build,6159.5,0
2026-08-24T11:33:48Z,39916,Rscript.exe,network-build,6159.6,0
2026-08-24T11:33:58Z,39916,Rscript.exe,network-build,6159.6,0
2026-08-24T11:34:08Z,39916,Rscript.exe,network-build,6159.5,0
2026-08-24T11:34:18Z,39916,Rscript.exe,network-build,6159.4,0
2026-08-24T11:34:28Z,39916,Rscript.exe,network-build,6159.4,0
2026-08-24T11:34:38Z,39916,Rscript.exe,network-build,6159.4,0
2026-08-24T11:34:48Z,39916,Rscript.exe,network-build,6159.6,0
2026-08-24T11:34:58Z,39916,Rscript.exe,network-build,6159.9,0
2026-08-24T11:35:09Z,39916,Rscript.exe,network-build,6159.2,0
2026-08-24T11:35:19Z,39916,Rscript.exe,network-build,6159.3,0
2026-08-24T11:35:29Z,39916,Rscript.exe,network-build,6159.4,0
2026-08-24T11:35:39Z,39916,Rscript.exe,network-build,6159.4,0
2026-08-24T11:35:49Z,39916,Rscript.exe,network-build,6159.5,0
2026-08-24T11:35:59Z,39916,Rscript.exe,network-build,6159.5,0
2026-08-24T11:36:09Z,39916,Rscript.exe,network-build,6159.4,0
2026-08-24T11:36:19Z,39916,Rscript.exe,network-build,6159.6,0
2026-08-24T11:36:29Z,39916,Rscript.exe,network-build,6159.6,0
2026-08-24T11:36:39Z,39916,Rscript.exe,network-build,6159.3,0
2026-08-24T11:36:49Z,39916,Rscript.exe,network-build,6159.2,0
2026-08-24T11:36:59Z,39916,Rscript.exe,network-build,6159.2,0
2026-08-24T11:37:09Z,39916,Rscript.exe,network-build,6159.2,0
2026-08-24T11:37:19Z,39916,Rscript.exe,network-build,6159.5,0
2026-08-24T11:37:29Z,39916,Rscript.exe,network-build,6159.4,0
2026-08-24T11:37:39Z,39916,Rscript.exe,network-build,6157.5,0
2026-08-24T11:37:49Z,39916,Rscript.exe,network-build,6157.5,0
2026-08-24T11:37:59Z,39916,Rscript.exe,network-build,6157.8,0
2026-08-24T11:38:09Z,39916,Rscript.exe,network-build,6157.8,0
2026-08-24T11:38:19Z,39916,Rscript.exe,network-build,6158.1,0
2026-08-24T11:38:30Z,39916,Rscript.exe,network-build,6158.1,0
2026-08-24T11:38:40Z,39916,Rscript.exe,network-build,6157.6,0
2026-08-24T11:38:50Z,39916,Rscript.exe,network-build,6157.9,0
2026-08-24T11:39:00Z,39916,Rscript.exe,network-build,6158.2,0
2026-08-24T11:39:10Z,39916,Rscript.exe,network-build,6157.8,0
2026-08-24T11:39:20Z,39916,Rscript.exe,network-build,6157.8,0
2026-08-24T11:39:30Z,39916,Rscript.exe,network-build,6157.8,0
2026-08-24T11:39:40Z,39916,Rscript.exe,network-build,6158.3,0
2026-08-24T11:39:50Z,39916,Rscript.exe,network-build,6157.8,0
2026-08-24T11:40:00Z,39916,Rscript.exe,network-build,6158.3,0
2026-08-24T11:40:10Z,39916,Rscript.exe,network-build,6157.8,0
2026-08-24T11:40:20Z,39916,Rscript.exe,network-build,6157.9,0
2026-08-24T11:40:30Z,39916,Rscript.exe,network-build,6158.1,0
2026-08-24T11:40:40Z,39916,Rscript.exe,network-build,6158.2,0
2026-08-24T11:40:51Z,39916,Rscript.exe,network-build,6157.6,0
2026-08-24T11:41:01Z,39916,Rscript.exe,network-build,6158,0
2026-08-24T11:41:11Z,39916,Rscript.exe,network-build,6158.1,0
2026-08-24T11:41:21Z,39916,Rscript.exe,network-build,6157.7,0
2026-08-24T11:41:31Z,39916,Rscript.exe,network-build,6158.2,0
2026-08-24T11:41:41Z,39916,Rscript.exe,network-build,6158.3,0
2026-08-24T11:41:51Z,39916,Rscript.exe,network-build,6157.6,0
2026-08-24T11:42:01Z,39916,Rscript.exe,network-build,6157.7,0
2026-08-24T11:42:11Z,39916,Rscript.exe,network-build,6157.8,0
2026-08-24T11:42:21Z,39916,Rscript.exe,network-build,6157.9,0
2026-08-24T11:42:31Z,39916,Rscript.exe,network-build,6157.7,0
2026-08-24T11:42:41Z,39916,Rscript.exe,network-build,6157.9,0
2026-08-24T11:42:51Z,39916,Rscript.exe,network-build,6157.8,0
2026-08-24T11:43:01Z,39916,Rscript.exe,network-build,6158,0
2026-08-24T11:43:11Z,39916,Rscript.exe,network-build,6157.9,0
2026-08-24T11:43:21Z,39916,Rscript.exe,network-build,6157.9,0
2026-08-24T11:43:31Z,39916,Rscript.exe,network-build,6157.9,0
2026-08-24T11:43:41Z,39916,Rscript.exe,network-build,6157.9,0
2026-08-24T11:43:52Z,39916,Rscript.exe,network-build,6158,0
2026-08-24T11:44:02Z,39916,Rscript.exe,network-build,6158.1,0
2026-08-24T11:44:12Z,39916,Rscript.exe,network-build,6157.6,0
2026-08-24T11:44:22Z,39916,Rscript.exe,network-build,6157.7,0
2026-08-24T11:44:32Z,39916,Rscript.exe,network-build,6157.9,0
2026-08-24T11:44:42Z,39916,Rscript.exe,network-build,6158,0
2026-08-24T11:44:52Z,39916,Rscript.exe,network-build,6158.2,0
2026-08-24T11:45:02Z,39916,Rscript.exe,network-build,6158.2,0
2026-08-24T11:45:12Z,39916,Rscript.exe,network-build,6158.2,0
2026-08-24T11:45:22Z,39916,Rscript.exe,network-build,6158.2,0
2026-08-24T11:45:32Z,39916,Rscript.exe,network-build,6158.1,0
2026-08-24T11:45:42Z,39916,Rscript.exe,network-build,6158,0
2026-08-24T11:45:52Z,39916,Rscript.exe,network-build,6158.1,0
2026-08-24T11:46:02Z,39916,Rscript.exe,network-build,6157.6,0
2026-08-24T11:46:12Z,39916,Rscript.exe,network-build,6157.8,0
2026-08-24T11:46:22Z,39916,Rscript.exe,network-build,6157.6,0
2026-08-24T11:46:32Z,39916,Rscript.exe,network-build,6157.9,0
2026-08-24T11:46:42Z,39916,Rscript.exe,network-build,6157.8,0
2026-08-24T11:46:52Z,39916,Rscript.exe,network-build,6157.7,0
2026-08-24T11:47:03Z,39916,Rscript.exe,network-build,6157.8,0
2026-08-24T11:47:13Z,39916,Rscript.exe,network-build,6157.8,0
2026-08-24T11:47:23Z,39916,Rscript.exe,network-build,6157.9,0
2026-08-24T11:47:33Z,39916,Rscript.exe,network-build,6157.7,0
2026-08-24T11:47:43Z,39916,Rscript.exe,network-build,6157.7,0
2026-08-24T11:47:53Z,39916,Rscript.exe,network-build,6158,0
2026-08-24T11:48:03Z,39916,Rscript.exe,network-build,6158,0
2026-08-24T11:48:13Z,39916,Rscript.exe,network-build,6158.1,0
2026-08-24T11:48:23Z,39916,Rscript.exe,network-build,6157.8,0
2026-08-24T11:48:33Z,39916,Rscript.exe,network-build,6157.8,0
2026-08-24T11:48:43Z,39916,Rscript.exe,network-build,6158,0
2026-08-24T11:48:53Z,39916,Rscript.exe,network-build,6158,0
2026-08-24T11:49:03Z,39916,Rscript.exe,network-build,6158,0
2026-08-24T11:49:13Z,39916,Rscript.exe,network-build,6157.7,0
2026-08-24T11:49:23Z,39916,Rscript.exe,network-build,6158,0
2026-08-24T11:49:33Z,39916,Rscript.exe,network-build,6157.6,0
2026-08-24T11:49:43Z,39916,Rscript.exe,network-build,6157.9,0
2026-08-24T11:49:53Z,39916,Rscript.exe,network-build,6157.8,0
2026-08-24T11:50:03Z,39916,Rscript.exe,network-build,6158,0
2026-08-24T11:50:14Z,39916,Rscript.exe,network-build,6157.6,0
2026-08-24T11:50:24Z,39916,Rscript.exe,network-build,6158.1,0
2026-08-24T11:50:34Z,39916,Rscript.exe,network-build,6157.8,0
2026-08-24T11:50:44Z,39916,Rscript.exe,network-build,6157.9,0
2026-08-24T11:50:54Z,39916,Rscript.exe,network-build,6157.8,0
2026-08-24T11:51:04Z,39916,Rscript.exe,network-build,6158,0
2026-08-24T11:51:14Z,39916,Rscript.exe,network-build,6157.6,0
2026-08-24T11:51:24Z,39916,Rscript.exe,network-build,6157.5,0
2026-08-24T11:51:34Z,39916,Rscript.exe,network-build,8671,0
2026-08-24T11:51:44Z,39916,Rscript.exe,network-build,8685.8,0
2026-08-24T11:51:54Z,39916,Rscript.exe,network-build,8687.7,0
2026-08-24T11:52:04Z,39916,Rscript.exe,network-build,8688.9,0
2026-08-24T13:48:40Z,37452,Rscript.exe,other,222.7,0
2026-08-24T13:56:53Z,29580,Rscript.exe,network-build,69.8,0
2026-08-24T13:57:03Z,29580,Rscript.exe,network-build,71,0
2026-08-24T13:57:13Z,29580,Rscript.exe,network-build,5009.1,0
2026-08-24T13:57:23Z,29580,Rscript.exe,network-build,9608,0
2026-08-24T13:57:33Z,29580,Rscript.exe,network-build,5496,0
2026-08-24T13:57:45Z,29580,Rscript.exe,network-build,3765.8,0
2026-08-24T13:57:55Z,29580,Rscript.exe,network-build,1627.6,0
2026-08-24T13:58:05Z,29580,Rscript.exe,network-build,1786.7,0
2026-08-24T13:58:15Z,29580,Rscript.exe,network-build,2222.3,0
2026-08-24T13:58:25Z,29580,Rscript.exe,network-build,4466.4,0
2026-08-24T13:58:35Z,29580,Rscript.exe,network-build,4894.7,0
2026-08-24T13:58:45Z,29580,Rscript.exe,network-build,4855.6,0
2026-08-24T13:58:55Z,29580,Rscript.exe,network-build,4844,0
2026-08-24T13:59:06Z,29580,Rscript.exe,network-build,4847.2,0
2026-08-24T13:59:16Z,29580,Rscript.exe,network-build,4858.6,0
2026-08-24T13:59:26Z,29580,Rscript.exe,network-build,3162.4,0
2026-08-24T13:59:36Z,29580,Rscript.exe,network-build,3205.9,0
2026-08-24T13:59:46Z,29580,Rscript.exe,network-build,3276,0
2026-08-24T13:59:56Z,29580,Rscript.exe,network-build,3356.8,0
2026-08-24T14:00:06Z,29580,Rscript.exe,network-build,3442.2,0
2026-08-24T14:00:16Z,29580,Rscript.exe,network-build,3524.9,0
2026-08-24T14:00:26Z,29580,Rscript.exe,network-build,3500.9,0
2026-08-24T14:00:36Z,29580,Rscript.exe,network-build,3204.1,0
2026-08-24T14:00:46Z,29580,Rscript.exe,network-build,3383,0
2026-08-24T14:00:56Z,29580,Rscript.exe,network-build,3529.1,0
2026-08-24T14:01:07Z,29580,Rscript.exe,network-build,3326.4,0
2026-08-24T14:01:17Z,29580,Rscript.exe,network-build,3402.7,0
2026-08-24T14:01:27Z,29580,Rscript.exe,network-build,3377.2,0
2026-08-24T14:01:37Z,29580,Rscript.exe,network-build,3372.3,0
2026-08-24T14:01:47Z,29580,Rscript.exe,network-build,3503.9,0
2026-08-24T14:01:57Z,29580,Rscript.exe,network-build,3573.8,0
2026-08-24T14:02:07Z,29580,Rscript.exe,network-build,3593,0
2026-08-24T14:02:17Z,29580,Rscript.exe,network-build,3552.9,0
2026-08-24T14:02:27Z,29580,Rscript.exe,network-build,4114.6,0
2026-08-24T14:02:37Z,29580,Rscript.exe,network-build,3848.4,0
2026-08-24T14:02:48Z,29580,Rscript.exe,network-build,3908,0
2026-08-24T14:02:58Z,29580,Rscript.exe,network-build,3988.4,0
2026-08-24T14:03:08Z,29580,Rscript.exe,network-build,4074.9,0
2026-08-24T14:03:18Z,29580,Rscript.exe,network-build,3891.1,0
2026-08-24T14:03:28Z,29580,Rscript.exe,network-build,4176.7,0
2026-08-24T14:03:38Z,29580,Rscript.exe,network-build,4312.2,0
2026-08-24T14:03:48Z,29580,Rscript.exe,network-build,4349.1,0
2026-08-24T14:03:58Z,29580,Rscript.exe,network-build,4163.9,0
2026-08-24T14:04:08Z,29580,Rscript.exe,network-build,4172.1,0
2026-08-24T14:04:18Z,29580,Rscript.exe,network-build,4246.6,0
2026-08-24T14:04:29Z,29580,Rscript.exe,network-build,4213,0
2026-08-24T14:04:39Z,29580,Rscript.exe,network-build,4295.5,0
2026-08-24T14:04:49Z,29580,Rscript.exe,network-build,4239.3,0
2026-08-24T14:04:59Z,29580,Rscript.exe,network-build,4217.9,0
2026-08-24T14:05:09Z,29580,Rscript.exe,network-build,4250.6,0
2026-08-24T14:05:19Z,29580,Rscript.exe,network-build,4512.5,0
2026-08-24T14:05:29Z,29580,Rscript.exe,network-build,4829.2,0
2026-08-24T14:05:39Z,29580,Rscript.exe,network-build,5583.3,0
2026-08-24T14:05:49Z,29580,Rscript.exe,network-build,5894.4,0
2026-08-24T14:05:49Z,38660,Rscript.exe,other,80.5,0
2026-08-24T14:06:00Z,29580,Rscript.exe,network-build,5918.4,0
2026-08-24T14:06:00Z,38660,Rscript.exe,other,137.8,0
2026-08-24T14:06:10Z,29580,Rscript.exe,network-build,5904.5,0
2026-08-24T14:06:10Z,38660,Rscript.exe,other,138.7,0
2026-08-24T14:06:20Z,29580,Rscript.exe,network-build,5904.9,0
2026-08-24T14:06:20Z,38660,Rscript.exe,other,149,0
2026-08-24T14:06:30Z,29580,Rscript.exe,network-build,5906.4,0
2026-08-24T14:06:30Z,38660,Rscript.exe,other,177.8,0
2026-08-24T14:06:40Z,29580,Rscript.exe,network-build,5904.4,0
2026-08-24T14:06:40Z,38660,Rscript.exe,other,180.9,0
2026-08-24T14:06:50Z,29580,Rscript.exe,network-build,5904.4,0
2026-08-24T14:06:50Z,38660,Rscript.exe,other,181,0
2026-08-24T14:07:00Z,29580,Rscript.exe,network-build,5904.7,0
2026-08-24T14:07:00Z,38660,Rscript.exe,other,181.6,0
2026-08-24T14:07:11Z,29580,Rscript.exe,network-build,5904.2,0
2026-08-24T14:07:11Z,38660,Rscript.exe,other,182.4,0
2026-08-24T14:07:21Z,29580,Rscript.exe,network-build,5904.5,0
2026-08-24T14:07:21Z,38660,Rscript.exe,other,184.9,0
2026-08-24T14:07:31Z,29580,Rscript.exe,network-build,5906.3,0
2026-08-24T14:07:31Z,38660,Rscript.exe,other,186.2,0
2026-08-24T14:07:41Z,29580,Rscript.exe,network-build,5904.7,0
2026-08-24T14:07:41Z,38660,Rscript.exe,other,186.5,0
2026-08-24T14:07:51Z,29580,Rscript.exe,network-build,5904.4,0
2026-08-24T14:07:51Z,38660,Rscript.exe,other,186.5,0
2026-08-24T14:08:01Z,29580,Rscript.exe,network-build,5905.2,0
2026-08-24T14:08:01Z,38660,Rscript.exe,other,186.5,0
2026-08-24T14:08:11Z,29580,Rscript.exe,network-build,5905,0
2026-08-24T14:08:21Z,29580,Rscript.exe,network-build,5904.8,0
2026-08-24T14:08:32Z,29580,Rscript.exe,network-build,5904.9,0
2026-08-24T14:08:42Z,29580,Rscript.exe,network-build,5904.2,0
2026-08-24T14:08:52Z,29580,Rscript.exe,network-build,5904,0
2026-08-24T14:09:02Z,29580,Rscript.exe,network-build,5904.3,0
2026-08-24T14:09:12Z,29580,Rscript.exe,network-build,5904.3,0
2026-08-24T14:09:22Z,29580,Rscript.exe,network-build,5904.2,0
2026-08-24T14:09:32Z,29580,Rscript.exe,network-build,5904.4,0
2026-08-24T14:09:42Z,29580,Rscript.exe,network-build,5904.3,0
2026-08-24T14:09:52Z,29580,Rscript.exe,network-build,5906.3,0
2026-08-24T14:10:02Z,29580,Rscript.exe,network-build,5904.6,0
2026-08-24T14:10:12Z,29580,Rscript.exe,network-build,5904.6,0
2026-08-24T14:10:23Z,29580,Rscript.exe,network-build,5904.7,0
2026-08-24T14:10:33Z,29580,Rscript.exe,network-build,5904.9,0
2026-08-24T14:10:43Z,29580,Rscript.exe,network-build,5904.7,0
2026-08-24T14:10:53Z,29580,Rscript.exe,network-build,5904.6,0
2026-08-24T14:11:03Z,29580,Rscript.exe,network-build,5904.1,0
2026-08-24T14:11:13Z,29580,Rscript.exe,network-build,5902.4,0
2026-08-24T14:11:23Z,29580,Rscript.exe,network-build,5902.2,0
2026-08-24T14:11:33Z,29580,Rscript.exe,network-build,5902.3,0
2026-08-24T14:11:43Z,29580,Rscript.exe,network-build,5902.3,0
2026-08-24T14:11:53Z,29580,Rscript.exe,network-build,5902.6,0
2026-08-24T14:12:03Z,29580,Rscript.exe,network-build,5902.5,0
2026-08-24T14:12:14Z,29580,Rscript.exe,network-build,5902.5,0
2026-08-24T14:12:24Z,29580,Rscript.exe,network-build,5902.7,0
2026-08-24T14:12:34Z,29580,Rscript.exe,network-build,5902.2,0
2026-08-24T14:12:44Z,29580,Rscript.exe,network-build,5902.3,0
2026-08-24T14:12:54Z,29580,Rscript.exe,network-build,5902.4,0
2026-08-24T14:13:04Z,29580,Rscript.exe,network-build,5902.4,0
2026-08-24T14:13:14Z,29580,Rscript.exe,network-build,5902.3,0
2026-08-24T14:13:24Z,29580,Rscript.exe,network-build,5902.4,0
2026-08-24T14:13:34Z,29580,Rscript.exe,network-build,5902.8,0
2026-08-24T14:13:44Z,29580,Rscript.exe,network-build,5902.7,0
2026-08-24T14:13:54Z,29580,Rscript.exe,network-build,5902.6,0
2026-08-24T14:14:05Z,29580,Rscript.exe,network-build,5902.7,0
2026-08-24T14:14:15Z,29580,Rscript.exe,network-build,5902.8,0
2026-08-24T14:14:25Z,29580,Rscript.exe,network-build,5902.8,0
2026-08-24T14:14:35Z,29580,Rscript.exe,network-build,5902.2,0
2026-08-24T14:14:45Z,29580,Rscript.exe,network-build,5902.2,0
2026-08-24T14:14:55Z,29580,Rscript.exe,network-build,5902.2,0
2026-08-24T14:15:05Z,29580,Rscript.exe,network-build,5902.4,0
2026-08-24T14:15:15Z,29580,Rscript.exe,network-build,5902.7,0
2026-08-24T14:15:25Z,29580,Rscript.exe,network-build,5902.5,0
2026-08-24T14:15:35Z,29580,Rscript.exe,network-build,5902.7,0
2026-08-24T14:15:45Z,29580,Rscript.exe,network-build,5902.7,0
2026-08-24T14:15:56Z,29580,Rscript.exe,network-build,5902.2,0
2026-08-24T14:16:06Z,29580,Rscript.exe,network-build,5837.2,0
2026-08-24T14:16:16Z,29580,Rscript.exe,network-build,5837.1,0
2026-08-24T14:16:26Z,29580,Rscript.exe,network-build,5837.1,0
2026-08-24T14:16:36Z,29580,Rscript.exe,network-build,5837.1,0
2026-08-24T14:16:46Z,29580,Rscript.exe,network-build,5837.1,0
2026-08-24T14:16:56Z,29580,Rscript.exe,network-build,5837.5,0
2026-08-24T14:17:06Z,29580,Rscript.exe,network-build,5837.5,0
2026-08-24T14:17:16Z,29580,Rscript.exe,network-build,5837.5,0
2026-08-24T14:17:26Z,29580,Rscript.exe,network-build,5837.3,0
2026-08-24T14:17:36Z,29580,Rscript.exe,network-build,5837,0
2026-08-24T14:17:47Z,29580,Rscript.exe,network-build,5837,0
2026-08-24T14:17:57Z,29580,Rscript.exe,network-build,5837,0
2026-08-24T14:18:07Z,29580,Rscript.exe,network-build,5837.1,0
2026-08-24T14:18:17Z,29580,Rscript.exe,network-build,5837,0
2026-08-24T14:18:27Z,29580,Rscript.exe,network-build,5837,0
2026-08-24T14:18:37Z,29580,Rscript.exe,network-build,5837.1,0
2026-08-24T14:18:47Z,29580,Rscript.exe,network-build,5837.1,0
2026-08-24T14:18:57Z,29580,Rscript.exe,network-build,5837.4,0
2026-08-24T14:19:07Z,29580,Rscript.exe,network-build,5837.5,0
2026-08-24T14:19:17Z,29580,Rscript.exe,network-build,5837.4,0
2026-08-24T14:19:27Z,29580,Rscript.exe,network-build,5837.5,0
2026-08-24T14:19:38Z,29580,Rscript.exe,network-build,5837.5,0
2026-08-24T14:19:48Z,29580,Rscript.exe,network-build,5837.4,0
2026-08-24T14:19:58Z,29580,Rscript.exe,network-build,5837.4,0
2026-08-24T14:20:08Z,29580,Rscript.exe,network-build,5836.9,0
2026-08-24T14:20:18Z,29580,Rscript.exe,network-build,5837.1,0
2026-08-24T14:20:28Z,29580,Rscript.exe,network-build,5837,0
2026-08-24T14:20:38Z,29580,Rscript.exe,network-build,5836.1,0
2026-08-24T14:20:48Z,29580,Rscript.exe,network-build,5836.1,0
2026-08-24T14:20:58Z,29580,Rscript.exe,network-build,5836.2,0
2026-08-24T14:21:08Z,29580,Rscript.exe,network-build,5670.6,0
2026-08-24T14:21:18Z,29580,Rscript.exe,network-build,5670.6,0
2026-08-24T14:21:29Z,29580,Rscript.exe,network-build,5670.6,0
2026-08-24T14:21:39Z,29580,Rscript.exe,network-build,5670.6,0
2026-08-24T14:21:49Z,29580,Rscript.exe,network-build,5670.2,0
2026-08-24T14:21:59Z,29580,Rscript.exe,network-build,5670.1,0
2026-08-24T14:22:09Z,29580,Rscript.exe,network-build,5670.1,0
2026-08-24T14:22:19Z,29580,Rscript.exe,network-build,5670.2,0
2026-08-24T14:22:29Z,29580,Rscript.exe,network-build,5670.6,0
2026-08-24T14:22:39Z,29580,Rscript.exe,network-build,5670.5,0
2026-08-24T14:22:49Z,29580,Rscript.exe,network-build,5670.3,0
2026-08-24T14:22:59Z,29580,Rscript.exe,network-build,5670.1,0
2026-08-24T14:23:10Z,29580,Rscript.exe,network-build,5670.3,0
2026-08-24T14:23:20Z,29580,Rscript.exe,network-build,5670.4,0
2026-08-24T14:23:30Z,29580,Rscript.exe,network-build,5670.6,0
2026-08-24T14:23:40Z,29580,Rscript.exe,network-build,5670.4,0
2026-08-24T14:23:50Z,29580,Rscript.exe,network-build,5670.1,0
2026-08-24T14:24:00Z,29580,Rscript.exe,network-build,5670.1,0
2026-08-24T14:24:10Z,29580,Rscript.exe,network-build,5670.1,0
2026-08-24T14:24:20Z,29580,Rscript.exe,network-build,5670.1,0
2026-08-24T14:24:30Z,29580,Rscript.exe,network-build,5670.1,0
2026-08-24T14:24:40Z,29580,Rscript.exe,network-build,5670.1,0
2026-08-24T14:24:50Z,29580,Rscript.exe,network-build,5670.2,0
2026-08-24T14:25:00Z,29580,Rscript.exe,network-build,5670.3,0
2026-08-24T14:25:11Z,29580,Rscript.exe,network-build,5670.2,0
2026-08-24T14:25:21Z,29580,Rscript.exe,network-build,5672.7,0
2026-08-24T14:25:31Z,29580,Rscript.exe,network-build,5670.2,0
2026-08-24T14:25:41Z,29580,Rscript.exe,network-build,5670.2,0
2026-08-24T14:25:51Z,29580,Rscript.exe,network-build,5670.1,0
2026-08-24T14:26:01Z,29580,Rscript.exe,network-build,5670.5,0
2026-08-24T14:26:11Z,29580,Rscript.exe,network-build,5626.2,0
2026-08-24T14:26:21Z,29580,Rscript.exe,network-build,5626.3,0
2026-08-24T14:26:31Z,29580,Rscript.exe,network-build,5626.5,0
2026-08-24T14:26:41Z,29580,Rscript.exe,network-build,5626.5,0
2026-08-24T14:26:52Z,29580,Rscript.exe,network-build,5626.6,0
2026-08-24T14:27:02Z,29580,Rscript.exe,network-build,5626.6,0
2026-08-24T14:27:12Z,29580,Rscript.exe,network-build,5626.6,0
2026-08-24T14:27:22Z,29580,Rscript.exe,network-build,5626.6,0
2026-08-24T14:27:32Z,29580,Rscript.exe,network-build,5626.4,0
2026-08-24T14:27:42Z,29580,Rscript.exe,network-build,5626.6,0
2026-08-24T14:27:52Z,29580,Rscript.exe,network-build,5626.6,0
2026-08-24T14:28:02Z,29580,Rscript.exe,network-build,5626.6,0
2026-08-24T14:28:12Z,29580,Rscript.exe,network-build,5626.1,0
2026-08-24T14:28:22Z,29580,Rscript.exe,network-build,5626.3,0
2026-08-24T14:28:33Z,29580,Rscript.exe,network-build,5626.7,0
2026-08-24T14:28:43Z,29580,Rscript.exe,network-build,5626.3,0
2026-08-24T14:28:53Z,29580,Rscript.exe,network-build,5626.4,0
2026-08-24T14:29:03Z,29580,Rscript.exe,network-build,5627.1,0
2026-08-24T14:29:13Z,29580,Rscript.exe,network-build,5626.5,0
2026-08-24T14:29:23Z,29580,Rscript.exe,network-build,5626.6,0
2026-08-24T14:29:33Z,29580,Rscript.exe,network-build,5626.5,0
2026-08-24T14:29:43Z,29580,Rscript.exe,network-build,5627.1,0
2026-08-24T14:29:53Z,29580,Rscript.exe,network-build,5627.1,0
2026-08-24T14:30:03Z,29580,Rscript.exe,network-build,5626.8,0
2026-08-24T14:30:13Z,29580,Rscript.exe,network-build,5626.8,0
2026-08-24T14:30:24Z,29580,Rscript.exe,network-build,5627.2,0
2026-08-24T14:30:34Z,29580,Rscript.exe,network-build,5627.4,0
2026-08-24T14:30:44Z,29580,Rscript.exe,network-build,5626.7,0
2026-08-24T14:30:54Z,29580,Rscript.exe,network-build,5626.9,0
2026-08-24T14:31:04Z,29580,Rscript.exe,network-build,5627.2,0
2026-08-24T14:31:14Z,29580,Rscript.exe,network-build,5528,0
2026-08-24T14:31:24Z,29580,Rscript.exe,network-build,5528,0
2026-08-24T14:31:34Z,29580,Rscript.exe,network-build,5527.9,0
2026-08-24T14:31:44Z,29580,Rscript.exe,network-build,5527.8,0
2026-08-24T14:31:54Z,29580,Rscript.exe,network-build,5528,0
2026-08-24T14:32:04Z,29580,Rscript.exe,network-build,5528.3,0
2026-08-24T14:32:14Z,29580,Rscript.exe,network-build,5527.8,0
2026-08-24T14:32:24Z,29580,Rscript.exe,network-build,5528,0
2026-08-24T14:32:35Z,29580,Rscript.exe,network-build,5528.6,0
2026-08-24T14:32:45Z,29580,Rscript.exe,network-build,5527.9,0
2026-08-24T14:32:55Z,29580,Rscript.exe,network-build,5528.2,0
2026-08-24T14:33:05Z,29580,Rscript.exe,network-build,5528.4,0
2026-08-24T14:33:15Z,29580,Rscript.exe,network-build,5528,0
2026-08-24T14:33:25Z,29580,Rscript.exe,network-build,5528.1,0
2026-08-24T14:33:35Z,29580,Rscript.exe,network-build,5528.5,0
2026-08-24T14:33:45Z,29580,Rscript.exe,network-build,5528,0
2026-08-24T14:33:55Z,29580,Rscript.exe,network-build,5528.4,0
2026-08-24T14:34:05Z,29580,Rscript.exe,network-build,5528.5,0
2026-08-24T14:34:15Z,29580,Rscript.exe,network-build,5528,0
2026-08-24T14:34:25Z,29580,Rscript.exe,network-build,5528.6,0
2026-08-24T14:34:36Z,29580,Rscript.exe,network-build,5528.2,0
2026-08-24T14:34:46Z,29580,Rscript.exe,network-build,5528.3,0
2026-08-24T14:34:56Z,29580,Rscript.exe,network-build,5528.6,0
2026-08-24T14:35:06Z,29580,Rscript.exe,network-build,5528.1,0
2026-08-24T14:35:16Z,29580,Rscript.exe,network-build,5528.2,0
2026-08-24T14:35:26Z,29580,Rscript.exe,network-build,5528.6,0
2026-08-24T14:35:36Z,29580,Rscript.exe,network-build,5528,0
2026-08-24T14:35:46Z,29580,Rscript.exe,network-build,5528.2,0
2026-08-24T14:35:56Z,29580,Rscript.exe,network-build,5528.6,0
2026-08-24T14:36:06Z,29580,Rscript.exe,network-build,5528,0
2026-08-24T14:36:16Z,29580,Rscript.exe,network-build,5244.6,0
2026-08-24T14:36:27Z,29580,Rscript.exe,network-build,5245.1,0
2026-08-24T14:36:37Z,29580,Rscript.exe,network-build,5244.5,0
2026-08-24T14:36:47Z,29580,Rscript.exe,network-build,5244.8,0
2026-08-24T14:36:57Z,29580,Rscript.exe,network-build,5245.1,0
2026-08-24T14:37:07Z,29580,Rscript.exe,network-build,5244.7,0
2026-08-24T14:37:17Z,29580,Rscript.exe,network-build,5245,0
2026-08-24T14:37:27Z,29580,Rscript.exe,network-build,5245.3,0
2026-08-24T14:37:37Z,29580,Rscript.exe,network-build,5244.9,0
2026-08-24T14:37:47Z,29580,Rscript.exe,network-build,5245,0
2026-08-24T14:37:57Z,29580,Rscript.exe,network-build,5246.1,0
2026-08-24T14:38:07Z,29580,Rscript.exe,network-build,5245.9,0
2026-08-24T14:38:17Z,29580,Rscript.exe,network-build,5246.1,0
2026-08-24T14:38:28Z,29580,Rscript.exe,network-build,5246.7,0
2026-08-24T14:38:28Z,33788,Rscript.exe,other,148.5,0
2026-08-24T14:38:38Z,29580,Rscript.exe,network-build,5246,0
2026-08-24T14:38:48Z,29580,Rscript.exe,network-build,5246.4,0
2026-08-24T14:38:48Z,23512,Rscript.exe,other,145.6,0
2026-08-24T14:38:58Z,29580,Rscript.exe,network-build,5246.7,0
2026-08-24T14:39:08Z,29580,Rscript.exe,network-build,5246.3,0
2026-08-24T14:39:18Z,29580,Rscript.exe,network-build,5246.9,0
2026-08-24T14:39:28Z,29580,Rscript.exe,network-build,5246.5,0
2026-08-24T14:39:38Z,29580,Rscript.exe,network-build,5246.7,0
2026-08-24T14:39:48Z,29580,Rscript.exe,network-build,5246.7,0
2026-08-24T14:39:58Z,29580,Rscript.exe,network-build,5246.8,0
2026-08-24T14:40:08Z,29580,Rscript.exe,network-build,5247.4,0
2026-08-24T14:40:19Z,29580,Rscript.exe,network-build,5247.4,0
2026-08-24T14:40:29Z,29580,Rscript.exe,network-build,5247,0
2026-08-24T14:40:39Z,29580,Rscript.exe,network-build,5247.5,0
2026-08-24T14:40:49Z,29580,Rscript.exe,network-build,5247.1,0
2026-08-24T14:40:59Z,29580,Rscript.exe,network-build,5247.4,0
2026-08-24T14:41:09Z,29580,Rscript.exe,network-build,5247.8,0
2026-08-24T14:41:19Z,29580,Rscript.exe,network-build,5247.4,0
2026-08-24T14:41:29Z,29580,Rscript.exe,network-build,5247.5,0
2026-08-24T14:41:39Z,29580,Rscript.exe,network-build,5248,0
2026-08-24T14:41:49Z,29580,Rscript.exe,network-build,5247.7,0
2026-08-24T14:41:59Z,29580,Rscript.exe,network-build,5248.7,0
2026-08-24T14:42:09Z,29580,Rscript.exe,network-build,5248.3,0
2026-08-24T14:42:19Z,29580,Rscript.exe,network-build,5248.6,0
2026-08-24T14:42:30Z,29580,Rscript.exe,network-build,5249,0
2026-08-24T14:42:40Z,29580,Rscript.exe,network-build,5248.7,0
2026-08-24T14:42:50Z,29580,Rscript.exe,network-build,5248.7,0
2026-08-24T14:43:00Z,29580,Rscript.exe,network-build,5250,0
2026-08-24T14:43:10Z,29580,Rscript.exe,network-build,5250.4,0
2026-08-24T14:43:20Z,29580,Rscript.exe,network-build,5252.7,0
2026-08-24T14:43:30Z,29580,Rscript.exe,network-build,5252.8,0
2026-08-24T14:43:40Z,29580,Rscript.exe,network-build,5253.2,0
2026-08-24T14:43:50Z,29580,Rscript.exe,network-build,5253.2,0
2026-08-24T14:44:00Z,29580,Rscript.exe,network-build,5253.2,0
2026-08-24T14:44:10Z,29580,Rscript.exe,network-build,5253.7,0
2026-08-24T14:44:21Z,29580,Rscript.exe,network-build,5253.3,0
2026-08-24T14:44:31Z,29580,Rscript.exe,network-build,5253.5,0
2026-08-24T14:44:41Z,29580,Rscript.exe,network-build,5254.2,0
2026-08-24T14:44:51Z,29580,Rscript.exe,network-build,5253.5,0
2026-08-24T14:45:01Z,29580,Rscript.exe,network-build,5253.7,0
2026-08-24T14:45:11Z,29580,Rscript.exe,network-build,5253.8,0
2026-08-24T14:45:21Z,29580,Rscript.exe,network-build,5253.9,0
2026-08-24T14:45:31Z,29580,Rscript.exe,network-build,5254.3,0
2026-08-24T14:45:41Z,29580,Rscript.exe,network-build,5254,0
2026-08-24T14:45:51Z,29580,Rscript.exe,network-build,5254.1,0
2026-08-24T14:46:01Z,29580,Rscript.exe,network-build,5254.6,0
2026-08-24T14:46:11Z,29580,Rscript.exe,network-build,5254.7,0
2026-08-24T14:46:21Z,29580,Rscript.exe,network-build,5258.1,0
2026-08-24T14:46:32Z,29580,Rscript.exe,network-build,5257.8,0
2026-08-24T14:46:42Z,29580,Rscript.exe,network-build,5258.4,0
2026-08-24T14:46:52Z,29580,Rscript.exe,network-build,5258.8,0
2026-08-24T14:47:02Z,29580,Rscript.exe,network-build,5258.6,0
2026-08-24T14:47:12Z,29580,Rscript.exe,network-build,5259,0
2026-08-24T14:47:22Z,29580,Rscript.exe,network-build,5259.3,0
2026-08-24T14:47:22Z,28636,Rscript.exe,other,91.3,0
2026-08-24T14:47:32Z,29580,Rscript.exe,network-build,5258.7,0
2026-08-24T14:47:32Z,28636,Rscript.exe,other,139.7,0
2026-08-24T14:47:42Z,29580,Rscript.exe,network-build,5258.9,0
2026-08-24T14:47:52Z,29580,Rscript.exe,network-build,5259.3,0
2026-08-24T14:48:02Z,29580,Rscript.exe,network-build,5259,0
2026-08-24T14:48:12Z,29580,Rscript.exe,network-build,5259.2,0
2026-08-24T14:48:22Z,29580,Rscript.exe,network-build,5259.2,0
2026-08-24T14:48:22Z,16940,Rscript.exe,other,138.2,0
2026-08-24T14:48:33Z,29580,Rscript.exe,network-build,5259.2,0
2026-08-24T14:48:33Z,16940,Rscript.exe,other,157.8,0
2026-08-24T14:48:43Z,29580,Rscript.exe,network-build,5259.8,0
2026-08-24T14:48:53Z,29580,Rscript.exe,network-build,5259.9,0
2026-08-24T14:48:53Z,7360,Rscript.exe,other,138.3,0
2026-08-24T14:49:03Z,29580,Rscript.exe,network-build,5260,0
2026-08-24T14:49:03Z,7360,Rscript.exe,other,222.6,0
2026-08-24T14:49:13Z,29580,Rscript.exe,network-build,5260,0
2026-08-24T14:49:23Z,29580,Rscript.exe,network-build,5263.5,0
2026-08-24T14:49:23Z,5216,Rscript.exe,other,139,0
2026-08-24T14:49:33Z,29580,Rscript.exe,network-build,5263.7,0
2026-08-24T14:49:43Z,29580,Rscript.exe,network-build,5264.2,0
2026-08-24T14:49:53Z,29580,Rscript.exe,network-build,5264.1,0
2026-08-24T14:50:04Z,29580,Rscript.exe,network-build,5264.3,0
2026-08-24T14:50:14Z,29580,Rscript.exe,network-build,5264.9,0
2026-08-24T14:50:24Z,29580,Rscript.exe,network-build,5264.5,0
2026-08-24T14:50:34Z,29580,Rscript.exe,network-build,5264.8,0
2026-08-24T14:50:44Z,29580,Rscript.exe,network-build,5264.4,0
2026-08-24T14:50:54Z,29580,Rscript.exe,network-build,5264.8,0
2026-08-24T14:51:04Z,29580,Rscript.exe,network-build,5264.6,0
2026-08-24T14:51:14Z,29580,Rscript.exe,network-build,5200.5,0
2026-08-24T14:51:14Z,42876,Rscript.exe,other,140.8,0
2026-08-24T14:51:24Z,29580,Rscript.exe,network-build,5200.7,0
2026-08-24T14:51:24Z,42876,Rscript.exe,other,136.1,0
2026-08-24T14:51:34Z,29580,Rscript.exe,network-build,5201,0
2026-08-24T14:51:44Z,29580,Rscript.exe,network-build,5200.7,0
2026-08-24T14:51:54Z,29580,Rscript.exe,network-build,5201,0
2026-08-24T14:52:05Z,29580,Rscript.exe,network-build,5201.5,0
2026-08-24T14:52:15Z,29580,Rscript.exe,network-build,5201.8,0
2026-08-24T14:52:25Z,29580,Rscript.exe,network-build,5202.5,0
2026-08-24T14:52:35Z,29580,Rscript.exe,network-build,5204.6,0
2026-08-24T14:52:45Z,29580,Rscript.exe,network-build,5204.9,0
2026-08-24T14:52:55Z,29580,Rscript.exe,network-build,5204.7,0
2026-08-24T14:53:05Z,29580,Rscript.exe,network-build,5204.7,0
2026-08-24T14:53:15Z,29580,Rscript.exe,network-build,5205.8,0
2026-08-24T14:53:25Z,29580,Rscript.exe,network-build,5205.3,0
2026-08-24T14:53:35Z,29580,Rscript.exe,network-build,5205.8,0
2026-08-24T14:53:45Z,29580,Rscript.exe,network-build,5205.6,0
2026-08-24T14:53:45Z,29028,Rscript.exe,other,140.6,0
2026-08-24T14:53:55Z,29580,Rscript.exe,network-build,5205.9,0
2026-08-24T14:53:55Z,29028,Rscript.exe,other,135.9,0
2026-08-24T14:54:06Z,29580,Rscript.exe,network-build,5205.6,0
2026-08-24T14:54:16Z,29580,Rscript.exe,network-build,5205.8,0
2026-08-24T14:54:26Z,29580,Rscript.exe,network-build,5206.3,0
2026-08-24T14:54:36Z,29580,Rscript.exe,network-build,5205.9,0
2026-08-24T14:54:46Z,29580,Rscript.exe,network-build,5206.8,0
2026-08-24T14:54:56Z,29580,Rscript.exe,network-build,5207.1,0
2026-08-24T14:55:06Z,29580,Rscript.exe,network-build,5206.9,0
2026-08-24T14:55:16Z,29580,Rscript.exe,network-build,5207.8,0
2026-08-24T14:55:26Z,29580,Rscript.exe,network-build,5207.6,0
2026-08-24T14:55:36Z,29580,Rscript.exe,network-build,5208.1,0
2026-08-24T14:55:46Z,29580,Rscript.exe,network-build,5210.3,0
2026-08-24T14:55:56Z,29580,Rscript.exe,network-build,5210.1,0
2026-08-24T14:56:07Z,29580,Rscript.exe,network-build,5210.8,0
2026-08-24T14:56:17Z,29580,Rscript.exe,network-build,5210.6,0
2026-08-24T14:56:27Z,29580,Rscript.exe,network-build,5210.7,0
2026-08-24T14:56:37Z,29580,Rscript.exe,network-build,5211.2,0
2026-08-24T14:56:47Z,29580,Rscript.exe,network-build,5211.3,0
2026-08-24T14:56:57Z,29580,Rscript.exe,network-build,5210.8,0
2026-08-24T14:56:57Z,37188,Rscript.exe,other,137.4,0
2026-08-24T14:57:07Z,29580,Rscript.exe,network-build,5211.2,0
2026-08-24T14:57:07Z,37188,Rscript.exe,other,138.5,0
2026-08-24T14:57:17Z,29580,Rscript.exe,network-build,5211.2,0
2026-08-24T14:57:17Z,37188,Rscript.exe,other,149.5,0
2026-08-24T14:57:28Z,29580,Rscript.exe,network-build,5211.1,0
2026-08-24T14:57:28Z,37188,Rscript.exe,other,177.6,0
2026-08-24T14:57:38Z,29580,Rscript.exe,network-build,5211,0
2026-08-24T14:57:38Z,37188,Rscript.exe,other,181.1,0
2026-08-24T14:57:48Z,29580,Rscript.exe,network-build,5211.2,0
2026-08-24T14:57:48Z,37188,Rscript.exe,other,181,0
2026-08-24T14:57:58Z,29580,Rscript.exe,network-build,5211.2,0
2026-08-24T14:57:58Z,37188,Rscript.exe,other,182.2,0
2026-08-24T14:58:08Z,29580,Rscript.exe,network-build,5211.3,0
2026-08-24T14:58:08Z,37188,Rscript.exe,other,183.6,0
2026-08-24T14:58:18Z,29580,Rscript.exe,network-build,5212.4,0
2026-08-24T14:58:18Z,37188,Rscript.exe,other,185.8,0
2026-08-24T14:58:28Z,29580,Rscript.exe,network-build,5213,0
2026-08-24T14:58:28Z,37188,Rscript.exe,other,186.7,0
2026-08-24T14:58:38Z,29580,Rscript.exe,network-build,5213,0
2026-08-24T14:58:38Z,37188,Rscript.exe,other,186.6,0
2026-08-24T14:58:48Z,29580,Rscript.exe,network-build,5213.6,0
2026-08-24T14:58:48Z,37188,Rscript.exe,other,186.6,0
2026-08-24T14:58:59Z,29580,Rscript.exe,network-build,5215.9,0
2026-08-24T14:59:09Z,29580,Rscript.exe,network-build,5215.5,0
2026-08-24T14:59:19Z,29580,Rscript.exe,network-build,5221.2,0
2026-08-24T14:59:29Z,29580,Rscript.exe,network-build,5219.6,0
2026-08-24T14:59:39Z,29580,Rscript.exe,network-build,5220.6,0
2026-08-24T14:59:49Z,29580,Rscript.exe,network-build,5221.9,0
2026-08-24T14:59:59Z,29580,Rscript.exe,network-build,5221.7,0
2026-08-24T15:00:09Z,29580,Rscript.exe,network-build,5222.1,0
2026-08-24T15:00:19Z,29580,Rscript.exe,network-build,5221.7,0
2026-08-24T15:00:29Z,29580,Rscript.exe,network-build,5222.2,0
2026-08-24T15:00:39Z,29580,Rscript.exe,network-build,5222.2,0
2026-08-24T15:00:49Z,29580,Rscript.exe,network-build,5221.8,0
2026-08-24T15:01:00Z,29580,Rscript.exe,network-build,5222.3,0
2026-08-24T15:01:10Z,29580,Rscript.exe,network-build,5222,0
2026-08-24T15:01:20Z,29580,Rscript.exe,network-build,5222,0
2026-08-24T15:01:30Z,29580,Rscript.exe,network-build,5222.7,0
2026-08-24T15:01:40Z,29580,Rscript.exe,network-build,5222.2,0
2026-08-24T15:01:50Z,29580,Rscript.exe,network-build,5223.6,0
2026-08-24T15:02:00Z,29580,Rscript.exe,network-build,5223.4,0
2026-08-24T15:02:10Z,29580,Rscript.exe,network-build,5223.8,0
2026-08-24T15:02:20Z,29580,Rscript.exe,network-build,5224.8,0
2026-08-24T15:02:30Z,29580,Rscript.exe,network-build,5224.6,0
2026-08-24T15:02:41Z,29580,Rscript.exe,network-build,5225.3,0
2026-08-24T15:02:51Z,29580,Rscript.exe,network-build,5226.3,0
2026-08-24T15:03:01Z,29580,Rscript.exe,network-build,5226.4,0
2026-08-24T15:03:11Z,29580,Rscript.exe,network-build,5227.3,0
2026-08-24T15:03:21Z,29580,Rscript.exe,network-build,5227.2,0
2026-08-24T15:03:31Z,29580,Rscript.exe,network-build,5227.4,0
2026-08-24T15:03:41Z,29580,Rscript.exe,network-build,5227.1,0
2026-08-24T15:03:51Z,29580,Rscript.exe,network-build,5227.2,0
2026-08-24T15:04:01Z,29580,Rscript.exe,network-build,5227.7,0
2026-08-24T15:04:11Z,29580,Rscript.exe,network-build,5230.9,0
2026-08-24T15:04:21Z,29580,Rscript.exe,network-build,5231.1,0
2026-08-24T15:04:31Z,29580,Rscript.exe,network-build,5231.9,0
2026-08-24T15:04:41Z,29580,Rscript.exe,network-build,5231.5,0
2026-08-24T15:04:52Z,29580,Rscript.exe,network-build,5232.1,0
2026-08-24T15:05:02Z,29580,Rscript.exe,network-build,5231.7,0
2026-08-24T15:05:12Z,29580,Rscript.exe,network-build,5232.3,0
2026-08-24T15:05:22Z,29580,Rscript.exe,network-build,5231.9,0
2026-08-24T15:05:32Z,29580,Rscript.exe,network-build,5232.2,0
2026-08-24T15:05:42Z,29580,Rscript.exe,network-build,5232,0
2026-08-24T15:05:52Z,29580,Rscript.exe,network-build,5232.2,0
2026-08-24T15:06:02Z,29580,Rscript.exe,network-build,5232.2,0
2026-08-24T15:06:12Z,29580,Rscript.exe,network-build,5232.3,0
2026-08-24T15:06:22Z,29580,Rscript.exe,network-build,5232.8,0
2026-08-24T15:06:32Z,29580,Rscript.exe,network-build,5232.5,0
2026-08-24T15:06:42Z,29580,Rscript.exe,network-build,5232.7,0
2026-08-24T15:06:53Z,29580,Rscript.exe,network-build,5232.6,0
2026-08-24T15:07:03Z,29580,Rscript.exe,network-build,5232.9,0
2026-08-24T15:07:13Z,29580,Rscript.exe,network-build,5232.8,0
2026-08-24T15:07:23Z,29580,Rscript.exe,network-build,5233.7,0
2026-08-24T15:07:33Z,29580,Rscript.exe,network-build,5237.1,0
2026-08-24T15:07:43Z,29580,Rscript.exe,network-build,5236.7,0
2026-08-24T15:07:53Z,29580,Rscript.exe,network-build,5237.1,0
2026-08-24T15:08:03Z,29580,Rscript.exe,network-build,5236.8,0
2026-08-24T15:08:13Z,29580,Rscript.exe,network-build,5236.9,0
2026-08-24T15:08:23Z,29580,Rscript.exe,network-build,5237.3,0
2026-08-24T15:08:33Z,29580,Rscript.exe,network-build,5237.1,0
2026-08-24T15:08:43Z,29580,Rscript.exe,network-build,5237.1,0
2026-08-24T15:08:54Z,29580,Rscript.exe,network-build,5237.2,0
2026-08-24T15:09:04Z,29580,Rscript.exe,network-build,5237.4,0
2026-08-24T15:09:14Z,29580,Rscript.exe,network-build,5237.3,0
2026-08-24T15:09:24Z,29580,Rscript.exe,network-build,5237.2,0
2026-08-24T15:09:34Z,29580,Rscript.exe,network-build,5237.7,0
2026-08-24T15:09:44Z,29580,Rscript.exe,network-build,5237.4,0
2026-08-24T15:09:54Z,29580,Rscript.exe,network-build,5237.7,0
2026-08-24T15:10:04Z,29580,Rscript.exe,network-build,5237.9,0
2026-08-24T15:10:14Z,29580,Rscript.exe,network-build,5237.6,0
2026-08-24T15:10:24Z,29580,Rscript.exe,network-build,5237.7,0
2026-08-24T15:10:34Z,29580,Rscript.exe,network-build,5238.2,0
2026-08-24T15:10:44Z,29580,Rscript.exe,network-build,5238.3,0
2026-08-24T15:10:55Z,29580,Rscript.exe,network-build,5241.8,0
2026-08-24T15:11:05Z,29580,Rscript.exe,network-build,5241.7,0
2026-08-24T15:11:15Z,29580,Rscript.exe,network-build,5242.1,0
2026-08-24T15:11:25Z,29580,Rscript.exe,network-build,5241.9,0
2026-08-24T15:11:35Z,29580,Rscript.exe,network-build,5242.3,0
2026-08-24T15:11:45Z,29580,Rscript.exe,network-build,5242.1,0
2026-08-24T15:11:55Z,29580,Rscript.exe,network-build,5242.4,0
2026-08-24T15:12:05Z,29580,Rscript.exe,network-build,5242.2,0
2026-08-24T15:12:15Z,29580,Rscript.exe,network-build,5242.5,0
2026-08-24T15:12:25Z,29580,Rscript.exe,network-build,5242.2,0
2026-08-24T15:12:35Z,29580,Rscript.exe,network-build,5242.9,0
2026-08-24T15:12:45Z,29580,Rscript.exe,network-build,5243.3,0
2026-08-24T15:12:55Z,29580,Rscript.exe,network-build,5243.1,0
2026-08-24T15:13:06Z,29580,Rscript.exe,network-build,5243.4,0
2026-08-24T15:13:16Z,29580,Rscript.exe,network-build,5243.2,0
2026-08-24T15:13:26Z,29580,Rscript.exe,network-build,5243.6,0
2026-08-24T15:13:36Z,29580,Rscript.exe,network-build,5246.8,0
2026-08-24T15:13:46Z,29580,Rscript.exe,network-build,5247.1,0
2026-08-24T15:13:56Z,29580,Rscript.exe,network-build,5247.6,0
2026-08-24T15:14:06Z,29580,Rscript.exe,network-build,5247.8,0
2026-08-24T15:14:16Z,29580,Rscript.exe,network-build,5248.2,0
2026-08-24T15:14:26Z,29580,Rscript.exe,network-build,5247.8,0
2026-08-24T15:14:36Z,29580,Rscript.exe,network-build,5248.2,0
2026-08-24T15:14:46Z,29580,Rscript.exe,network-build,5247.9,0
2026-08-24T15:14:56Z,29580,Rscript.exe,network-build,5247.9,0
2026-08-24T15:15:07Z,29580,Rscript.exe,network-build,5248.3,0
2026-08-24T15:15:17Z,29580,Rscript.exe,network-build,5248.1,0
2026-08-24T15:15:27Z,29580,Rscript.exe,network-build,5248.6,0
2026-08-24T15:15:37Z,29580,Rscript.exe,network-build,5248.3,0
2026-08-24T15:15:47Z,29580,Rscript.exe,network-build,5248.3,0
2026-08-24T15:15:57Z,29580,Rscript.exe,network-build,5249,0
2026-08-24T15:16:07Z,29580,Rscript.exe,network-build,5251.6,0
2026-08-24T15:16:17Z,29580,Rscript.exe,network-build,5251.8,0
2026-08-24T15:16:27Z,29580,Rscript.exe,network-build,5252.4,0
2026-08-24T15:16:37Z,29580,Rscript.exe,network-build,5252,0
2026-08-24T15:16:47Z,29580,Rscript.exe,network-build,5252.2,0
2026-08-24T15:16:58Z,29580,Rscript.exe,network-build,5252.2,0
2026-08-24T15:17:08Z,29580,Rscript.exe,network-build,5252.3,0
2026-08-24T15:17:18Z,29580,Rscript.exe,network-build,5252.6,0
2026-08-24T15:17:28Z,29580,Rscript.exe,network-build,5252.4,0
2026-08-24T15:17:38Z,29580,Rscript.exe,network-build,5252.6,0
2026-08-24T15:17:48Z,29580,Rscript.exe,network-build,5253.5,0
2026-08-24T15:17:58Z,29580,Rscript.exe,network-build,5253.4,0
2026-08-24T15:18:08Z,29580,Rscript.exe,network-build,5253.5,0
2026-08-24T15:18:18Z,29580,Rscript.exe,network-build,5253.3,0
2026-08-24T15:18:28Z,29580,Rscript.exe,network-build,5253.6,0
2026-08-24T15:18:38Z,29580,Rscript.exe,network-build,5253.5,0
2026-08-24T15:18:48Z,29580,Rscript.exe,network-build,5253.7,0
2026-08-24T15:18:58Z,29580,Rscript.exe,network-build,5253.6,0
2026-08-24T15:19:09Z,29580,Rscript.exe,network-build,5253.9,0
2026-08-24T15:19:19Z,29580,Rscript.exe,network-build,5253.7,0
2026-08-24T15:19:29Z,29580,Rscript.exe,network-build,5253.8,0
2026-08-24T15:19:39Z,29580,Rscript.exe,network-build,5254.3,0
2026-08-24T15:19:49Z,29580,Rscript.exe,network-build,5254,0
2026-08-24T15:19:59Z,29580,Rscript.exe,network-build,5254.2,0
2026-08-24T15:20:09Z,29580,Rscript.exe,network-build,5254.1,0
2026-08-24T15:20:19Z,29580,Rscript.exe,network-build,5254.1,0
2026-08-24T15:20:29Z,29580,Rscript.exe,network-build,5254.1,0
2026-08-24T15:20:39Z,29580,Rscript.exe,network-build,5257.8,0
2026-08-24T15:20:49Z,29580,Rscript.exe,network-build,5258.5,0
2026-08-24T15:21:00Z,29580,Rscript.exe,network-build,5261.6,0
2026-08-24T15:21:10Z,29580,Rscript.exe,network-build,5261.8,0
2026-08-24T15:21:20Z,29580,Rscript.exe,network-build,5262,0
2026-08-24T15:21:30Z,29580,Rscript.exe,network-build,5261.9,0
2026-08-24T15:21:40Z,29580,Rscript.exe,network-build,5262.4,0
2026-08-24T15:21:50Z,29580,Rscript.exe,network-build,5262.7,0
2026-08-24T15:22:00Z,29580,Rscript.exe,network-build,5262.6,0
2026-08-24T15:22:10Z,29580,Rscript.exe,network-build,5262.8,0
2026-08-24T15:22:20Z,29580,Rscript.exe,network-build,5263.1,0
2026-08-24T15:22:30Z,29580,Rscript.exe,network-build,5262.7,0
2026-08-24T15:22:40Z,29580,Rscript.exe,network-build,5263.2,0
2026-08-24T15:22:51Z,29580,Rscript.exe,network-build,5262.9,0
2026-08-24T15:23:01Z,29580,Rscript.exe,network-build,5263.3,0
2026-08-24T15:23:11Z,29580,Rscript.exe,network-build,5263,0
2026-08-24T15:23:21Z,29580,Rscript.exe,network-build,5263.2,0
2026-08-24T15:23:31Z,29580,Rscript.exe,network-build,5263.3,0
2026-08-24T15:23:41Z,29580,Rscript.exe,network-build,5263.7,0
2026-08-24T15:23:51Z,29580,Rscript.exe,network-build,5263.5,0
2026-08-24T15:24:01Z,29580,Rscript.exe,network-build,5263.5,0
2026-08-24T15:24:11Z,29580,Rscript.exe,network-build,5263.9,0
2026-08-24T15:24:21Z,29580,Rscript.exe,network-build,5263.6,0
2026-08-24T15:24:31Z,29580,Rscript.exe,network-build,5263.9,0
2026-08-24T15:24:41Z,29580,Rscript.exe,network-build,5263.8,0
2026-08-24T15:24:52Z,29580,Rscript.exe,network-build,5263.9,0
2026-08-24T15:25:02Z,29580,Rscript.exe,network-build,5264.6,0
2026-08-24T15:25:12Z,29580,Rscript.exe,network-build,5264.6,0
2026-08-24T15:25:22Z,29580,Rscript.exe,network-build,5271.5,0
2026-08-24T15:25:32Z,29580,Rscript.exe,network-build,5277.8,0
2026-08-24T15:25:42Z,29580,Rscript.exe,network-build,5278.1,0
2026-08-24T15:25:52Z,29580,Rscript.exe,network-build,5278,0
2026-08-24T15:26:02Z,29580,Rscript.exe,network-build,5278.3,0
2026-08-24T15:26:12Z,29580,Rscript.exe,network-build,5278.1,0
2026-08-24T15:26:22Z,29580,Rscript.exe,network-build,5278.3,0
2026-08-24T15:26:32Z,29580,Rscript.exe,network-build,5278.5,0
2026-08-24T15:26:42Z,29580,Rscript.exe,network-build,5278.4,0
2026-08-24T15:26:53Z,29580,Rscript.exe,network-build,5278.6,0
2026-08-24T15:27:03Z,29580,Rscript.exe,network-build,5278.5,0
2026-08-24T15:27:13Z,29580,Rscript.exe,network-build,5278.7,0
2026-08-24T15:27:23Z,29580,Rscript.exe,network-build,5278.6,0
2026-08-24T15:27:33Z,29580,Rscript.exe,network-build,5279,0
2026-08-24T15:27:43Z,29580,Rscript.exe,network-build,5279.3,0
2026-08-24T15:27:53Z,29580,Rscript.exe,network-build,5279.2,0
2026-08-24T15:28:03Z,29580,Rscript.exe,network-build,5279.2,0
2026-08-24T15:28:13Z,29580,Rscript.exe,network-build,5279.5,0
2026-08-24T15:28:23Z,29580,Rscript.exe,network-build,5279.4,0
2026-08-24T15:28:34Z,29580,Rscript.exe,network-build,5279.6,0
2026-08-24T15:28:44Z,29580,Rscript.exe,network-build,5279.8,0
2026-08-24T15:28:54Z,29580,Rscript.exe,network-build,5279.7,0
2026-08-24T15:29:04Z,29580,Rscript.exe,network-build,5281.9,0
2026-08-24T15:29:14Z,29580,Rscript.exe,network-build,5281.7,0
2026-08-24T15:29:24Z,29580,Rscript.exe,network-build,5282,0
2026-08-24T15:29:34Z,29580,Rscript.exe,network-build,5282.2,0
2026-08-24T15:29:44Z,29580,Rscript.exe,network-build,5281.9,0
2026-08-24T15:29:54Z,29580,Rscript.exe,network-build,5282.4,0
2026-08-24T15:30:04Z,29580,Rscript.exe,network-build,5282.1,0
2026-08-24T15:30:14Z,29580,Rscript.exe,network-build,5282.5,0
2026-08-24T15:30:25Z,29580,Rscript.exe,network-build,5282.4,0
2026-08-24T15:30:35Z,29580,Rscript.exe,network-build,5282.8,0
2026-08-24T15:30:45Z,29580,Rscript.exe,network-build,5282.5,0
2026-08-24T15:30:55Z,29580,Rscript.exe,network-build,5282.9,0
2026-08-24T15:31:05Z,29580,Rscript.exe,network-build,5282.7,0
2026-08-24T15:31:15Z,29580,Rscript.exe,network-build,5283.1,0
2026-08-24T15:31:25Z,29580,Rscript.exe,network-build,5282.8,0
2026-08-24T15:31:35Z,29580,Rscript.exe,network-build,5283.2,0
2026-08-24T15:31:45Z,29580,Rscript.exe,network-build,5283,0
2026-08-24T15:31:55Z,29580,Rscript.exe,network-build,5283.4,0
2026-08-24T15:32:05Z,29580,Rscript.exe,network-build,5283.2,0
2026-08-24T15:32:15Z,29580,Rscript.exe,network-build,5283.8,0
2026-08-24T15:32:26Z,29580,Rscript.exe,network-build,5283.7,0
2026-08-24T15:32:36Z,29580,Rscript.exe,network-build,5284.3,0
2026-08-24T15:32:46Z,29580,Rscript.exe,network-build,5283.9,0
2026-08-24T15:32:56Z,29580,Rscript.exe,network-build,5284.3,0
2026-08-24T15:33:06Z,29580,Rscript.exe,network-build,5284.8,0
2026-08-24T15:33:16Z,29580,Rscript.exe,network-build,5477.4,0
2026-08-24T15:33:26Z,29580,Rscript.exe,network-build,8224.2,0
2026-08-24T15:33:36Z,29580,Rscript.exe,network-build,8226.6,0
2026-08-24T15:33:47Z,29580,Rscript.exe,network-build,8228.1,0
2026-08-24T15:33:57Z,29580,Rscript.exe,network-build,8228.9,0
2026-08-24T15:40:19Z,21532,Rscript.exe,other,121.2,0
2026-08-24T15:42:00Z,16916,Rscript.exe,other,23.2,0
2026-08-24T15:42:40Z,15268,Rscript.exe,other,69.3,0
2026-08-24T15:42:40Z,10336,Rscript.exe,other,1243.5,0
2026-08-24T15:42:50Z,15268,Rscript.exe,other,69.3,0
2026-08-24T15:42:50Z,10336,Rscript.exe,other,3280.1,0
2026-08-24T15:43:01Z,15268,Rscript.exe,other,69.3,0
2026-08-24T15:43:01Z,10336,Rscript.exe,other,1672.5,0
2026-08-24T15:43:11Z,15268,Rscript.exe,other,69.3,0
2026-08-24T15:43:11Z,10336,Rscript.exe,other,1828.5,0
2026-08-24T15:43:21Z,15268,Rscript.exe,other,69.3,0
2026-08-24T15:43:21Z,10336,Rscript.exe,other,1832.3,0
2026-08-24T15:43:31Z,15268,Rscript.exe,other,69.3,0
2026-08-24T15:43:31Z,10336,Rscript.exe,other,2950.3,0
2026-08-24T15:43:41Z,15268,Rscript.exe,other,69.3,0
2026-08-24T15:43:41Z,10336,Rscript.exe,other,2980.7,0
2026-08-24T15:43:51Z,15268,Rscript.exe,other,69.3,0
2026-08-24T15:43:51Z,10336,Rscript.exe,other,3372.5,0
2026-08-24T15:44:01Z,15268,Rscript.exe,other,71,0
2026-08-24T15:44:01Z,35488,Rscript.exe,other,1351.4,0
2026-08-24T15:44:11Z,15268,Rscript.exe,other,71,0
2026-08-24T15:44:11Z,35488,Rscript.exe,other,2060.1,0
2026-08-24T15:44:21Z,15268,Rscript.exe,other,72.1,0
2026-08-24T15:44:21Z,30596,Rscript.exe,other,173.7,0
2026-08-24T15:44:32Z,15268,Rscript.exe,other,71,0
2026-08-24T15:44:32Z,30596,Rscript.exe,other,1818.2,0
2026-08-24T15:44:42Z,15268,Rscript.exe,other,71,0
2026-08-24T15:44:42Z,30596,Rscript.exe,other,4352,0
2026-08-24T15:44:52Z,15268,Rscript.exe,other,71,0
2026-08-24T15:44:52Z,30596,Rscript.exe,other,1922.8,0
2026-08-24T15:45:02Z,15268,Rscript.exe,other,71,0
2026-08-24T15:45:02Z,30596,Rscript.exe,other,1975.5,0
2026-08-24T15:45:12Z,15268,Rscript.exe,other,71,0
2026-08-24T15:45:12Z,30596,Rscript.exe,other,2068.7,0
2026-08-24T15:45:22Z,15268,Rscript.exe,other,71,0
2026-08-24T15:45:22Z,30596,Rscript.exe,other,3263.8,0
2026-08-24T15:45:32Z,15268,Rscript.exe,other,71,0
2026-08-24T15:45:32Z,30596,Rscript.exe,other,3101.4,0
2026-08-24T15:45:42Z,15268,Rscript.exe,other,71,0
2026-08-24T15:45:42Z,30596,Rscript.exe,other,3224.6,0
2026-08-24T15:45:52Z,15268,Rscript.exe,other,72,0
2026-08-24T15:45:52Z,36136,Rscript.exe,other,59.4,0
2026-08-24T15:46:02Z,15268,Rscript.exe,other,71,0
2026-08-24T15:46:02Z,36136,Rscript.exe,other,1922.8,0
2026-08-24T15:46:12Z,15268,Rscript.exe,other,71,0
2026-08-24T15:46:12Z,36136,Rscript.exe,other,2586.5,0
2026-08-24T15:46:23Z,15268,Rscript.exe,other,71,0
2026-08-24T15:46:23Z,36136,Rscript.exe,other,1675.4,0
2026-08-24T15:46:33Z,15268,Rscript.exe,other,71,0
2026-08-24T15:46:33Z,36136,Rscript.exe,other,1707.5,0
2026-08-24T15:46:43Z,15268,Rscript.exe,other,71,0
2026-08-24T15:46:43Z,36136,Rscript.exe,other,1768.6,0
2026-08-24T15:46:53Z,15268,Rscript.exe,other,71,0
2026-08-24T15:46:53Z,36136,Rscript.exe,other,1697,0
2026-08-24T15:47:03Z,15268,Rscript.exe,other,71.2,0
2026-08-24T15:47:03Z,3784,Rscript.exe,other,320.2,0
2026-08-24T15:47:13Z,15268,Rscript.exe,other,71.2,0
2026-08-24T15:47:13Z,3784,Rscript.exe,other,1940.3,0
2026-08-24T15:47:23Z,15268,Rscript.exe,other,71.2,0
2026-08-24T15:47:23Z,3784,Rscript.exe,other,1946.6,0
2026-08-24T15:47:33Z,15268,Rscript.exe,other,71.2,0
2026-08-24T15:47:33Z,3784,Rscript.exe,other,1788.5,0
2026-08-24T15:47:44Z,15268,Rscript.exe,other,71.5,0
2026-08-24T15:47:44Z,3784,Rscript.exe,other,2213.8,0
2026-08-24T15:47:54Z,15268,Rscript.exe,other,71.5,0
2026-08-24T15:47:54Z,3784,Rscript.exe,other,2886.6,0
2026-08-24T15:48:04Z,15268,Rscript.exe,other,72.5,0
2026-08-24T15:48:04Z,10876,Rscript.exe,other,167,0
2026-08-24T15:48:14Z,15268,Rscript.exe,other,71.5,0
2026-08-24T15:48:14Z,10876,Rscript.exe,other,1998.3,0
2026-08-24T15:48:24Z,15268,Rscript.exe,other,71.5,0
2026-08-24T15:48:24Z,10876,Rscript.exe,other,3835.3,0
2026-08-24T15:48:34Z,15268,Rscript.exe,other,71.5,0
2026-08-24T15:48:34Z,10876,Rscript.exe,other,1568.2,0
2026-08-24T15:48:44Z,15268,Rscript.exe,other,71.6,0
2026-08-24T15:48:44Z,32860,Rscript.exe,other,679.2,0
2026-08-24T15:48:54Z,15268,Rscript.exe,other,71.6,0
2026-08-24T15:48:54Z,32860,Rscript.exe,other,2597.3,0
2026-08-24T15:49:04Z,15268,Rscript.exe,other,71.6,0
2026-08-24T15:49:04Z,32860,Rscript.exe,other,1632.4,0
2026-08-24T15:49:14Z,15268,Rscript.exe,other,71.6,0
2026-08-24T15:49:14Z,39880,Rscript.exe,other,187.2,0
2026-08-24T15:49:24Z,15268,Rscript.exe,other,71.6,0
2026-08-24T15:49:24Z,39880,Rscript.exe,other,2018.4,0
2026-08-24T15:49:35Z,15268,Rscript.exe,other,71.6,0
2026-08-24T15:49:35Z,39880,Rscript.exe,other,1742.9,0
2026-08-24T15:49:45Z,15268,Rscript.exe,other,71.8,0
2026-08-24T15:49:45Z,37800,Rscript.exe,other,1189.6,0
2026-08-24T15:49:55Z,15268,Rscript.exe,other,71.8,0
2026-08-24T15:49:55Z,37800,Rscript.exe,other,1968.1,0
2026-08-24T15:50:05Z,15268,Rscript.exe,other,71.8,0
2026-08-24T15:50:05Z,37800,Rscript.exe,other,3839,0
2026-08-24T15:50:15Z,15268,Rscript.exe,other,71.8,0
2026-08-24T15:50:15Z,41844,Rscript.exe,other,866.7,0
2026-08-24T15:50:25Z,15268,Rscript.exe,other,71.8,0
2026-08-24T15:50:25Z,41844,Rscript.exe,other,2010.7,0
2026-08-24T15:50:35Z,15268,Rscript.exe,other,71.8,0
2026-08-24T15:50:35Z,41844,Rscript.exe,other,1599.3,0
2026-08-24T15:50:45Z,15268,Rscript.exe,other,71.8,0
2026-08-24T15:50:45Z,32812,Rscript.exe,other,1781.1,0
2026-08-24T15:50:56Z,15268,Rscript.exe,other,71.8,0
2026-08-24T15:50:56Z,32812,Rscript.exe,other,4024.8,0
2026-08-24T15:51:06Z,15268,Rscript.exe,other,71.8,0
2026-08-24T15:51:06Z,36136,Rscript.exe,other,912.2,0
2026-08-24T15:51:16Z,15268,Rscript.exe,other,71.8,0
2026-08-24T15:51:16Z,36136,Rscript.exe,other,2002.2,0
2026-08-24T15:51:26Z,15268,Rscript.exe,other,71.8,0
2026-08-24T15:51:26Z,36136,Rscript.exe,other,1667.9,0
2026-08-24T15:51:36Z,15268,Rscript.exe,other,71.8,0
2026-08-24T15:51:36Z,37232,Rscript.exe,other,1698.1,0
2026-08-24T15:51:46Z,15268,Rscript.exe,other,71.8,0
2026-08-24T15:51:46Z,37232,Rscript.exe,other,3840.2,0
2026-08-24T15:51:56Z,15268,Rscript.exe,other,71.8,0
2026-08-24T15:51:56Z,37232,Rscript.exe,other,1667,0
2026-08-24T15:52:06Z,15268,Rscript.exe,other,71.8,0
2026-08-24T15:52:06Z,41140,Rscript.exe,other,1807,0
2026-08-24T15:52:16Z,15268,Rscript.exe,other,71.8,0
2026-08-24T15:52:16Z,41140,Rscript.exe,other,4210.5,0
2026-08-24T15:52:27Z,15268,Rscript.exe,other,71.9,0
2026-08-24T15:52:27Z,37972,Rscript.exe,other,1119.8,0
2026-08-24T15:52:37Z,15268,Rscript.exe,other,72,0
2026-08-24T15:52:37Z,37972,Rscript.exe,other,2368.1,0
2026-08-24T15:52:47Z,15268,Rscript.exe,other,72,0
2026-08-24T15:52:47Z,37972,Rscript.exe,other,1771,0
2026-08-24T16:03:11Z,21784,Rscript.exe,other,79.5,0
2026-08-24T16:03:31Z,28856,Rscript.exe,other,113.2,0
2026-08-24T16:03:41Z,28856,Rscript.exe,other,113.2,0
2026-08-24T16:03:52Z,28856,Rscript.exe,other,113.2,0
2026-08-24T16:05:02Z,20536,Rscript.exe,other,141.3,0
2026-08-24T16:05:12Z,20536,Rscript.exe,other,137.6,0
2026-08-24T16:05:22Z,20536,Rscript.exe,other,138.6,0
2026-08-24T16:05:32Z,20536,Rscript.exe,other,176.7,0
2026-08-24T16:05:42Z,20536,Rscript.exe,other,178.9,0
2026-08-24T16:05:53Z,20536,Rscript.exe,other,180.6,0
2026-08-24T16:06:03Z,20536,Rscript.exe,other,180.7,0
2026-08-24T16:06:13Z,20536,Rscript.exe,other,182.1,0
2026-08-24T16:06:23Z,20536,Rscript.exe,other,184.3,0
2026-08-24T16:06:33Z,20536,Rscript.exe,other,187.1,0
2026-08-24T16:06:43Z,20536,Rscript.exe,other,186,0
2026-08-24T16:06:53Z,20536,Rscript.exe,other,186.1,0
2026-08-24T16:07:53Z,3452,Rscript.exe,other,102.1,0
2026-08-24T16:08:04Z,3452,Rscript.exe,other,120.5,0
2026-08-24T16:08:14Z,3452,Rscript.exe,other,120.5,0
2026-08-24T16:08:24Z,3452,Rscript.exe,other,120.5,0
2026-08-24T16:08:34Z,3452,Rscript.exe,other,120.5,0
2026-08-24T16:10:45Z,11884,Rscript.exe,other,108.8,0
2026-08-24T16:10:55Z,11884,Rscript.exe,other,93.5,0
2026-08-24T16:11:05Z,11884,Rscript.exe,other,93.5,0
2026-08-24T16:11:15Z,11884,Rscript.exe,other,86.8,0
2026-08-24T16:12:15Z,34556,Rscript.exe,other,78.9,0
2026-08-24T16:17:37Z,14484,Rscript.exe,other,135.8,0
2026-08-24T16:17:47Z,14484,Rscript.exe,other,367.9,0
2026-08-24T16:18:37Z,21456,Rscript.exe,other,76.8,0
2026-08-24T16:18:47Z,21456,Rscript.exe,other,195.4,0
2026-08-24T16:18:57Z,21456,Rscript.exe,other,5555.3,0
2026-08-24T16:20:28Z,22512,Rscript.exe,other,135.3,0
2026-08-24T16:22:39Z,28904,Rscript.exe,other,354.1,0
2026-08-24T16:23:49Z,25020,Rscript.exe,other,69.2,0
2026-08-24T16:23:49Z,20700,Rscript.exe,other,1804.6,0
2026-08-24T16:23:59Z,25020,Rscript.exe,other,69.2,0
2026-08-24T16:23:59Z,20700,Rscript.exe,other,3973,0
2026-08-24T16:24:09Z,25020,Rscript.exe,other,70.9,0
2026-08-24T16:24:09Z,37532,Rscript.exe,other,1232.2,0
2026-08-24T16:24:19Z,25020,Rscript.exe,other,70.9,0
2026-08-24T16:24:19Z,37532,Rscript.exe,other,3472.1,0
2026-08-24T16:24:29Z,25020,Rscript.exe,other,70.9,0
2026-08-24T16:24:29Z,25876,Rscript.exe,other,182.7,0
2026-08-24T16:24:40Z,25020,Rscript.exe,other,70.9,0
2026-08-24T16:24:40Z,25876,Rscript.exe,other,2019.8,0
2026-08-24T16:24:50Z,25020,Rscript.exe,other,70.8,0
2026-08-24T16:24:50Z,25876,Rscript.exe,other,1610.2,0
2026-08-24T16:25:00Z,25020,Rscript.exe,other,70.8,0
2026-08-24T16:25:00Z,8260,Rscript.exe,other,1857.4,0
2026-08-24T16:25:10Z,25020,Rscript.exe,other,70.8,0
2026-08-24T16:25:10Z,8260,Rscript.exe,other,3889.8,0
2026-08-24T16:25:20Z,25020,Rscript.exe,other,70.9,0
2026-08-24T16:25:20Z,37236,Rscript.exe,other,1329.8,0
2026-08-24T16:25:30Z,25020,Rscript.exe,other,70.9,0
2026-08-24T16:25:30Z,37236,Rscript.exe,other,3972.3,0
2026-08-24T16:25:40Z,25020,Rscript.exe,other,70.9,0
2026-08-24T16:25:40Z,39720,Rscript.exe,other,460.4,0
2026-08-24T16:25:50Z,25020,Rscript.exe,other,70.9,0
2026-08-24T16:25:50Z,39720,Rscript.exe,other,2671.8,0
2026-08-24T16:26:00Z,25020,Rscript.exe,other,70.9,0
2026-08-24T16:26:00Z,39720,Rscript.exe,other,1665.9,0
2026-08-24T16:26:10Z,25020,Rscript.exe,other,70.9,0
2026-08-24T16:26:10Z,23676,Rscript.exe,other,1852.6,0
2026-08-24T16:26:21Z,25020,Rscript.exe,other,70.9,0
2026-08-24T16:26:21Z,23676,Rscript.exe,other,3833.7,0
2026-08-24T16:26:31Z,25020,Rscript.exe,other,71,0
2026-08-24T16:26:31Z,29108,Rscript.exe,other,1551.7,0
2026-08-24T16:26:41Z,25020,Rscript.exe,other,71,0
2026-08-24T16:26:41Z,29108,Rscript.exe,other,3840.5,0
2026-08-24T16:26:51Z,25020,Rscript.exe,other,71,0
2026-08-24T16:26:51Z,36724,Rscript.exe,other,702.4,0
2026-08-24T16:27:01Z,25020,Rscript.exe,other,71,0
2026-08-24T16:27:01Z,36724,Rscript.exe,other,2438.5,0
2026-08-24T16:27:11Z,25020,Rscript.exe,other,71,0
2026-08-24T16:27:11Z,36724,Rscript.exe,other,1520.9,0
2026-08-24T16:27:21Z,25020,Rscript.exe,other,71,0
2026-08-24T16:27:21Z,40840,Rscript.exe,other,1649.5,0
2026-08-24T16:27:31Z,25020,Rscript.exe,other,71,0
2026-08-24T16:27:31Z,40840,Rscript.exe,other,1977.6,0
2026-08-24T16:27:41Z,25020,Rscript.exe,other,71,0
2026-08-24T16:27:41Z,24728,Rscript.exe,other,1402.1,0
2026-08-24T16:27:51Z,25020,Rscript.exe,other,71,0
2026-08-24T16:27:51Z,24728,Rscript.exe,other,4262.7,0
2026-08-24T16:28:01Z,25020,Rscript.exe,other,71,0
2026-08-24T16:28:01Z,29308,Rscript.exe,other,469.7,0
2026-08-24T16:28:11Z,25020,Rscript.exe,other,71,0
2026-08-24T16:28:11Z,29308,Rscript.exe,other,2371.7,0
2026-08-24T16:28:22Z,25020,Rscript.exe,other,71,0
2026-08-24T16:28:22Z,29308,Rscript.exe,other,1514.2,0
2026-08-24T16:28:32Z,25020,Rscript.exe,other,71,0
2026-08-24T16:28:32Z,15924,Rscript.exe,other,1760.7,0
2026-08-24T16:28:42Z,25020,Rscript.exe,other,71.3,0
2026-08-24T16:28:42Z,15924,Rscript.exe,other,2399.6,0
2026-08-24T16:28:52Z,25020,Rscript.exe,other,71.3,0
2026-08-24T16:28:52Z,37908,Rscript.exe,other,1358.3,0
2026-08-24T16:29:02Z,25020,Rscript.exe,other,71.3,0
2026-08-24T16:29:02Z,37908,Rscript.exe,other,3174.5,0
2026-08-24T16:29:12Z,25020,Rscript.exe,other,71.4,0
2026-08-24T16:29:12Z,21016,Rscript.exe,other,525.3,0
2026-08-24T16:29:22Z,25020,Rscript.exe,other,71.4,0
2026-08-24T16:29:22Z,21016,Rscript.exe,other,2390.2,0
2026-08-24T16:29:32Z,25020,Rscript.exe,other,71.4,0
2026-08-24T16:29:32Z,21016,Rscript.exe,other,1428.2,0
2026-08-24T16:30:02Z,43020,Rscript.exe,network-build,76.4,0
2026-08-24T16:30:13Z,43020,Rscript.exe,network-build,4197.5,0
2026-08-24T16:30:23Z,43020,Rscript.exe,network-build,9814.5,0
2026-08-24T16:30:33Z,43020,Rscript.exe,network-build,2215.2,0
2026-08-24T16:30:43Z,43020,Rscript.exe,network-build,3924.9,0
2026-08-24T16:30:53Z,43020,Rscript.exe,network-build,1723.1,0
2026-08-24T16:31:03Z,43020,Rscript.exe,network-build,1914.1,0
2026-08-24T16:31:13Z,43020,Rscript.exe,network-build,2393.4,0
2026-08-24T16:31:23Z,43020,Rscript.exe,network-build,5115.1,0
2026-08-24T16:31:33Z,43020,Rscript.exe,network-build,5220.5,0
2026-08-24T16:31:43Z,43020,Rscript.exe,network-build,5202.9,0
2026-08-24T16:31:53Z,43020,Rscript.exe,network-build,5203.4,0
2026-08-24T16:32:03Z,43020,Rscript.exe,network-build,5222.8,0
2026-08-24T16:32:14Z,43020,Rscript.exe,network-build,3514.8,0
2026-08-24T16:32:24Z,43020,Rscript.exe,network-build,3578.9,0
2026-08-24T16:32:34Z,43020,Rscript.exe,network-build,3609,0
2026-08-24T16:32:44Z,43020,Rscript.exe,network-build,3620.2,0
2026-08-24T16:32:54Z,43020,Rscript.exe,network-build,3708.8,0
2026-08-24T16:33:04Z,43020,Rscript.exe,network-build,3798.3,0
2026-08-24T16:33:14Z,43020,Rscript.exe,network-build,3860.3,0
2026-08-24T16:33:24Z,43020,Rscript.exe,network-build,3558.2,0
2026-08-24T16:33:34Z,43020,Rscript.exe,network-build,3709.6,0
2026-08-24T16:33:44Z,43020,Rscript.exe,network-build,3578.7,0
2026-08-24T16:33:54Z,43020,Rscript.exe,network-build,3574.2,0
2026-08-24T16:34:04Z,43020,Rscript.exe,network-build,3613.9,0
2026-08-24T16:34:14Z,43020,Rscript.exe,network-build,3601,0
2026-08-24T16:34:24Z,43020,Rscript.exe,network-build,3679.2,0
2026-08-24T16:34:34Z,43020,Rscript.exe,network-build,3651.1,0
2026-08-24T16:34:44Z,43020,Rscript.exe,network-build,3872.7,0
2026-08-24T16:34:55Z,43020,Rscript.exe,network-build,3853.3,0
2026-08-24T16:35:05Z,43020,Rscript.exe,network-build,3840,0
2026-08-24T16:35:15Z,43020,Rscript.exe,network-build,3842.3,0
2026-08-24T16:35:25Z,43020,Rscript.exe,network-build,3838.9,0
2026-08-24T16:35:35Z,43020,Rscript.exe,network-build,3838.9,0
2026-08-24T16:35:45Z,43020,Rscript.exe,network-build,3839.2,0
2026-08-24T16:35:55Z,43020,Rscript.exe,network-build,3842,0
2026-08-24T16:36:05Z,43020,Rscript.exe,network-build,3839.3,0
2026-08-24T16:36:15Z,43020,Rscript.exe,network-build,3839.2,0
2026-08-24T16:36:25Z,43020,Rscript.exe,network-build,3839,0
2026-08-24T16:36:35Z,43020,Rscript.exe,network-build,3839.3,0
2026-08-24T16:36:45Z,43020,Rscript.exe,network-build,3839.2,0
2026-08-24T16:36:55Z,43020,Rscript.exe,network-build,3839,0
2026-08-24T16:37:06Z,43020,Rscript.exe,network-build,3839.2,0
2026-08-24T16:37:16Z,43020,Rscript.exe,network-build,3839.1,0
2026-08-24T16:37:26Z,43020,Rscript.exe,network-build,3839.1,0
2026-08-24T16:37:36Z,43020,Rscript.exe,network-build,3839.1,0
2026-08-24T16:37:46Z,43020,Rscript.exe,network-build,3839,0
2026-08-24T16:37:56Z,43020,Rscript.exe,network-build,3838.9,0
2026-08-24T16:38:06Z,43020,Rscript.exe,network-build,3839,0
2026-08-24T16:38:16Z,43020,Rscript.exe,network-build,3839.2,0
2026-08-24T16:38:26Z,43020,Rscript.exe,network-build,3839,0
2026-08-24T16:38:36Z,43020,Rscript.exe,network-build,3839.3,0
2026-08-24T16:38:46Z,43020,Rscript.exe,network-build,3839.4,0
2026-08-24T16:38:56Z,43020,Rscript.exe,network-build,3839,0
2026-08-24T16:39:06Z,43020,Rscript.exe,network-build,3839.4,0
2026-08-24T16:39:16Z,43020,Rscript.exe,network-build,3839.3,0
2026-08-24T16:39:26Z,43020,Rscript.exe,network-build,3839.4,0
2026-08-24T16:39:37Z,43020,Rscript.exe,network-build,3839.3,0
2026-08-24T16:39:47Z,43020,Rscript.exe,network-build,3839.2,0
2026-08-24T16:39:57Z,43020,Rscript.exe,network-build,3839,0
2026-08-24T16:40:07Z,43020,Rscript.exe,network-build,3839.4,0
2026-08-24T16:40:17Z,43020,Rscript.exe,network-build,3839.3,0
2026-08-24T16:40:27Z,43020,Rscript.exe,network-build,3839.1,0
2026-08-24T16:40:37Z,43020,Rscript.exe,network-build,3839.2,0
2026-08-24T16:40:47Z,43020,Rscript.exe,network-build,3839.3,0
2026-08-24T16:40:57Z,43020,Rscript.exe,network-build,3839.2,0
2026-08-24T16:41:07Z,43020,Rscript.exe,network-build,3839.6,0
2026-08-24T16:41:17Z,43020,Rscript.exe,network-build,3839.2,0
2026-08-24T16:41:27Z,43020,Rscript.exe,network-build,3839.2,0
2026-08-24T16:41:37Z,43020,Rscript.exe,network-build,3839,0
2026-08-24T16:41:47Z,43020,Rscript.exe,network-build,3839,0
2026-08-24T16:41:58Z,43020,Rscript.exe,network-build,3839.2,0
2026-08-24T16:42:08Z,43020,Rscript.exe,network-build,3839,0
2026-08-24T16:42:18Z,43020,Rscript.exe,network-build,3839.3,0
2026-08-24T16:42:28Z,43020,Rscript.exe,network-build,3839.1,0
2026-08-24T16:42:38Z,43020,Rscript.exe,network-build,3839,0
2026-08-24T16:42:48Z,43020,Rscript.exe,network-build,3839.2,0
2026-08-24T16:42:58Z,43020,Rscript.exe,network-build,3839.2,0
2026-08-24T16:43:08Z,43020,Rscript.exe,network-build,3839,0
2026-08-24T16:43:18Z,43020,Rscript.exe,network-build,3839.3,0
2026-08-24T16:43:28Z,43020,Rscript.exe,network-build,3839.3,0
2026-08-24T16:43:38Z,43020,Rscript.exe,network-build,3839,0
2026-08-24T16:43:48Z,43020,Rscript.exe,network-build,3839.3,0
2026-08-24T16:43:58Z,43020,Rscript.exe,network-build,3839.4,0
2026-08-24T16:44:08Z,43020,Rscript.exe,network-build,3839,0
2026-08-24T16:44:19Z,43020,Rscript.exe,network-build,3839.4,0
2026-08-24T16:44:29Z,43020,Rscript.exe,network-build,3839,0
2026-08-24T16:44:39Z,43020,Rscript.exe,network-build,3839.2,0
2026-08-24T16:44:49Z,43020,Rscript.exe,network-build,3839.2,0
2026-08-24T16:44:59Z,43020,Rscript.exe,network-build,3838.9,0
2026-08-24T16:45:09Z,43020,Rscript.exe,network-build,3839.2,0
2026-08-24T16:45:19Z,43020,Rscript.exe,network-build,3839,0
2026-08-24T16:45:29Z,43020,Rscript.exe,network-build,3839.2,0
2026-08-24T16:45:39Z,43020,Rscript.exe,network-build,3839.2,0
2026-08-24T16:45:49Z,43020,Rscript.exe,network-build,3839,0
2026-08-24T16:45:59Z,43020,Rscript.exe,network-build,3839.3,0
2026-08-24T16:46:09Z,43020,Rscript.exe,network-build,3841.4,0
2026-08-24T16:46:20Z,43020,Rscript.exe,network-build,3839,0
2026-08-24T16:46:30Z,43020,Rscript.exe,network-build,3839.3,0
2026-08-24T16:46:40Z,43020,Rscript.exe,network-build,3839,0
2026-08-24T16:46:50Z,43020,Rscript.exe,network-build,3839.3,0
2026-08-24T16:47:00Z,43020,Rscript.exe,network-build,3839.2,0
2026-08-24T16:47:10Z,43020,Rscript.exe,network-build,3839,0
2026-08-24T16:47:20Z,43020,Rscript.exe,network-build,3839.3,0
2026-08-24T16:47:30Z,43020,Rscript.exe,network-build,3839.2,0
2026-08-24T16:47:40Z,43020,Rscript.exe,network-build,3839,0
2026-08-24T16:47:50Z,43020,Rscript.exe,network-build,3839,0
2026-08-24T16:48:00Z,43020,Rscript.exe,network-build,3839,0
2026-08-24T16:48:10Z,43020,Rscript.exe,network-build,3839.2,0
2026-08-24T16:48:20Z,43020,Rscript.exe,network-build,3839,0
2026-08-24T16:48:30Z,43020,Rscript.exe,network-build,3839.2,0
2026-08-24T16:48:41Z,43020,Rscript.exe,network-build,3839.3,0
2026-08-24T16:48:51Z,43020,Rscript.exe,network-build,3839,0
2026-08-24T16:49:01Z,43020,Rscript.exe,network-build,3838.9,0
2026-08-24T16:49:11Z,43020,Rscript.exe,network-build,3839.2,0
2026-08-24T16:49:21Z,43020,Rscript.exe,network-build,3839.3,0
2026-08-24T16:49:31Z,43020,Rscript.exe,network-build,3839,0
2026-08-24T16:49:41Z,43020,Rscript.exe,network-build,3839.2,0
2026-08-24T16:49:51Z,43020,Rscript.exe,network-build,3839.3,0
2026-08-24T16:50:01Z,43020,Rscript.exe,network-build,3839,0
2026-08-24T16:50:11Z,43020,Rscript.exe,network-build,3839.3,0
2026-08-24T16:50:21Z,43020,Rscript.exe,network-build,3839.4,0
2026-08-24T16:50:31Z,43020,Rscript.exe,network-build,3839,0
2026-08-24T16:50:41Z,43020,Rscript.exe,network-build,3839.4,0
2026-08-24T16:50:51Z,43020,Rscript.exe,network-build,3839.5,0
2026-08-24T16:51:02Z,43020,Rscript.exe,network-build,3839.1,0
2026-08-24T16:51:12Z,43020,Rscript.exe,network-build,3839.1,0
2026-08-24T16:51:22Z,43020,Rscript.exe,network-build,3839.7,0
2026-08-24T16:51:32Z,43020,Rscript.exe,network-build,3839.4,0
2026-08-24T16:51:42Z,43020,Rscript.exe,network-build,3839.1,0
2026-08-24T16:51:52Z,43020,Rscript.exe,network-build,3839.1,0
2026-08-24T16:52:02Z,43020,Rscript.exe,network-build,3839.5,0
2026-08-24T16:52:12Z,43020,Rscript.exe,network-build,3839.1,0
2026-08-24T16:52:22Z,43020,Rscript.exe,network-build,3839.4,0
2026-08-24T16:52:32Z,43020,Rscript.exe,network-build,3839.1,0
2026-08-24T16:52:42Z,43020,Rscript.exe,network-build,3839.7,0
2026-08-24T16:52:52Z,43020,Rscript.exe,network-build,3839.3,0
2026-08-24T16:53:02Z,43020,Rscript.exe,network-build,3839.1,0
2026-08-24T16:53:12Z,43020,Rscript.exe,network-build,3839.3,0
2026-08-24T16:53:23Z,43020,Rscript.exe,network-build,3839.2,0
2026-08-24T16:53:33Z,43020,Rscript.exe,network-build,3839.6,0
2026-08-24T16:53:43Z,43020,Rscript.exe,network-build,3839.3,0
2026-08-24T16:53:53Z,43020,Rscript.exe,network-build,3839.2,0
2026-08-24T16:54:03Z,43020,Rscript.exe,network-build,3839.7,0
2026-08-24T16:54:13Z,43020,Rscript.exe,network-build,3839.4,0
2026-08-24T16:54:23Z,43020,Rscript.exe,network-build,3839.2,0
2026-08-24T16:54:33Z,43020,Rscript.exe,network-build,3839.8,0
2026-08-24T16:54:43Z,43020,Rscript.exe,network-build,3839.7,0
2026-08-24T16:54:53Z,43020,Rscript.exe,network-build,3839.2,0
2026-08-24T16:55:03Z,43020,Rscript.exe,network-build,3839.6,0
2026-08-24T16:55:13Z,43020,Rscript.exe,network-build,3839.5,0
2026-08-24T16:55:23Z,43020,Rscript.exe,network-build,3839.2,0
2026-08-24T16:55:34Z,43020,Rscript.exe,network-build,3839.8,0
2026-08-24T16:55:44Z,43020,Rscript.exe,network-build,3839.4,0
2026-08-24T16:55:54Z,43020,Rscript.exe,network-build,3839.7,0
2026-08-24T16:56:04Z,43020,Rscript.exe,network-build,3840.1,0
2026-08-24T16:56:14Z,43020,Rscript.exe,network-build,3839.2,0
2026-08-24T16:56:24Z,43020,Rscript.exe,network-build,3839.8,0
2026-08-24T16:56:34Z,43020,Rscript.exe,network-build,3839.6,0
2026-08-24T16:56:44Z,43020,Rscript.exe,network-build,3839.2,0
2026-08-24T16:56:54Z,43020,Rscript.exe,network-build,3839.5,0
2026-08-24T16:57:04Z,43020,Rscript.exe,network-build,3840.6,0
2026-08-24T16:57:14Z,43020,Rscript.exe,network-build,3839.2,0
2026-08-24T16:57:24Z,43020,Rscript.exe,network-build,3839.6,0
2026-08-24T16:57:34Z,43020,Rscript.exe,network-build,3839.5,0
2026-08-24T16:57:44Z,43020,Rscript.exe,network-build,3839.5,0
2026-08-24T16:57:54Z,43020,Rscript.exe,network-build,3839.3,0
2026-08-24T16:58:04Z,43020,Rscript.exe,network-build,3839.7,0
2026-08-24T16:58:15Z,43020,Rscript.exe,network-build,3839.9,0
2026-08-24T16:58:25Z,43020,Rscript.exe,network-build,3839.8,0
2026-08-24T16:58:35Z,43020,Rscript.exe,network-build,3839.3,0
2026-08-24T16:58:45Z,43020,Rscript.exe,network-build,3839.8,0
2026-08-24T16:58:55Z,43020,Rscript.exe,network-build,3839.7,0
2026-08-24T16:59:05Z,43020,Rscript.exe,network-build,3839.7,0
2026-08-24T16:59:15Z,43020,Rscript.exe,network-build,3839.2,0
2026-08-24T16:59:25Z,43020,Rscript.exe,network-build,3839.8,0
2026-08-24T16:59:35Z,43020,Rscript.exe,network-build,3839.6,0
2026-08-24T16:59:45Z,43020,Rscript.exe,network-build,3839.3,0
2026-08-24T16:59:55Z,43020,Rscript.exe,network-build,3839.7,0
2026-08-24T17:00:05Z,43020,Rscript.exe,network-build,3839.7,0
2026-08-24T17:00:15Z,43020,Rscript.exe,network-build,3839.6,0
2026-08-24T17:00:26Z,43020,Rscript.exe,network-build,3839.4,0
2026-08-24T17:00:36Z,43020,Rscript.exe,network-build,3839.8,0
2026-08-24T17:00:46Z,43020,Rscript.exe,network-build,3839.7,0
2026-08-24T17:00:56Z,43020,Rscript.exe,network-build,3839.4,0
2026-08-24T17:01:06Z,43020,Rscript.exe,network-build,3840,0
2026-08-24T17:01:16Z,43020,Rscript.exe,network-build,3840.1,0
2026-08-24T17:01:26Z,43020,Rscript.exe,network-build,3839.7,0
2026-08-24T17:01:36Z,43020,Rscript.exe,network-build,3839.4,0
2026-08-24T17:01:46Z,43020,Rscript.exe,network-build,3839.9,0
2026-08-24T17:01:56Z,43020,Rscript.exe,network-build,3839.8,0
2026-08-24T17:02:06Z,43020,Rscript.exe,network-build,3839.7,0
2026-08-24T17:02:16Z,43020,Rscript.exe,network-build,3839.4,0
2026-08-24T17:02:26Z,43020,Rscript.exe,network-build,3839.7,0
2026-08-24T17:02:36Z,43020,Rscript.exe,network-build,3839.9,0
2026-08-24T17:02:47Z,43020,Rscript.exe,network-build,3839.4,0
2026-08-24T17:02:57Z,43020,Rscript.exe,network-build,3839.9,0
2026-08-24T17:03:07Z,43020,Rscript.exe,network-build,3839.7,0
2026-08-24T17:03:17Z,43020,Rscript.exe,network-build,3839.6,0
2026-08-24T17:03:27Z,43020,Rscript.exe,network-build,3839.4,0
2026-08-24T17:03:37Z,43020,Rscript.exe,network-build,3839.7,0
2026-08-24T17:03:47Z,43020,Rscript.exe,network-build,3839.7,0
2026-08-24T17:03:57Z,43020,Rscript.exe,network-build,3839.5,0
2026-08-24T17:04:07Z,43020,Rscript.exe,network-build,3839.9,0
2026-08-24T17:04:17Z,43020,Rscript.exe,network-build,3839.8,0
2026-08-24T17:04:27Z,43020,Rscript.exe,network-build,3839.4,0
2026-08-24T17:04:37Z,43020,Rscript.exe,network-build,3840,0
2026-08-24T17:04:47Z,43020,Rscript.exe,network-build,3840,0
2026-08-24T17:04:57Z,43020,Rscript.exe,network-build,3839.9,0
2026-08-24T17:05:07Z,43020,Rscript.exe,network-build,3840.3,0
2026-08-24T17:05:18Z,43020,Rscript.exe,network-build,3839.4,0
2026-08-24T17:05:28Z,43020,Rscript.exe,network-build,3839.9,0
2026-08-24T17:05:38Z,43020,Rscript.exe,network-build,3840,0
2026-08-24T17:05:48Z,43020,Rscript.exe,network-build,3839.8,0
2026-08-24T17:05:58Z,43020,Rscript.exe,network-build,3839.5,0
2026-08-24T17:06:08Z,43020,Rscript.exe,network-build,3839.5,0
2026-08-24T17:06:18Z,43020,Rscript.exe,network-build,3839.8,0
2026-08-24T17:06:28Z,43020,Rscript.exe,network-build,3839.9,0
2026-08-24T17:06:38Z,43020,Rscript.exe,network-build,3839.5,0
2026-08-24T17:06:48Z,43020,Rscript.exe,network-build,3839.5,0
2026-08-24T17:06:58Z,43020,Rscript.exe,network-build,3840.1,0
2026-08-24T17:07:08Z,43020,Rscript.exe,network-build,3839.8,0
2026-08-24T17:07:18Z,43020,Rscript.exe,network-build,3840,0
2026-08-24T17:07:28Z,43020,Rscript.exe,network-build,3839.5,0
2026-08-24T17:07:39Z,43020,Rscript.exe,network-build,3840,0
2026-08-24T17:07:49Z,43020,Rscript.exe,network-build,3839.9,0
2026-08-24T17:07:59Z,43020,Rscript.exe,network-build,3840,0
2026-08-24T17:08:09Z,43020,Rscript.exe,network-build,3839.5,0
2026-08-24T17:08:19Z,43020,Rscript.exe,network-build,3839.9,0
2026-08-24T17:08:29Z,43020,Rscript.exe,network-build,3840.2,0
2026-08-24T17:08:39Z,43020,Rscript.exe,network-build,3839.8,0
2026-08-24T17:08:49Z,43020,Rscript.exe,network-build,3839.7,0
2026-08-24T17:08:59Z,43020,Rscript.exe,network-build,3839.6,0
2026-08-24T17:09:09Z,43020,Rscript.exe,network-build,3840,0
2026-08-24T17:09:19Z,43020,Rscript.exe,network-build,3839.9,0
2026-08-24T17:09:29Z,43020,Rscript.exe,network-build,3839.7,0
2026-08-24T17:09:39Z,43020,Rscript.exe,network-build,3839.6,0
2026-08-24T17:09:49Z,43020,Rscript.exe,network-build,3839.9,0
2026-08-24T17:10:00Z,43020,Rscript.exe,network-build,3839.8,0
2026-08-24T17:10:10Z,43020,Rscript.exe,network-build,3839.9,0
2026-08-24T17:10:20Z,43020,Rscript.exe,network-build,3839.6,0
2026-08-24T17:10:30Z,43020,Rscript.exe,network-build,3840.1,0
2026-08-24T17:10:40Z,43020,Rscript.exe,network-build,3840.1,0
2026-08-24T17:10:50Z,43020,Rscript.exe,network-build,3840,0
2026-08-24T17:11:00Z,43020,Rscript.exe,network-build,3840.8,0
2026-08-24T17:11:10Z,43020,Rscript.exe,network-build,3839.6,0
2026-08-24T17:11:20Z,43020,Rscript.exe,network-build,3840,0
2026-08-24T17:11:30Z,43020,Rscript.exe,network-build,3840.1,0
2026-08-24T17:11:40Z,43020,Rscript.exe,network-build,3839.7,0
2026-08-24T17:11:50Z,43020,Rscript.exe,network-build,3840.2,0
2026-08-24T17:12:00Z,43020,Rscript.exe,network-build,3840.2,0
2026-08-24T17:12:10Z,43020,Rscript.exe,network-build,3840,0
2026-08-24T17:12:21Z,43020,Rscript.exe,network-build,3839.6,0
2026-08-24T17:12:31Z,43020,Rscript.exe,network-build,3840.1,0
2026-08-24T17:12:41Z,43020,Rscript.exe,network-build,3840.1,0
2026-08-24T17:12:51Z,43020,Rscript.exe,network-build,3839.8,0
2026-08-24T17:13:01Z,43020,Rscript.exe,network-build,3839.7,0
2026-08-24T17:13:11Z,43020,Rscript.exe,network-build,3840.2,0
2026-08-24T17:13:21Z,43020,Rscript.exe,network-build,3840.3,0
2026-08-24T17:13:31Z,43020,Rscript.exe,network-build,3840.1,0
2026-08-24T17:13:41Z,43020,Rscript.exe,network-build,3839.8,0
2026-08-24T17:13:51Z,43020,Rscript.exe,network-build,3840.3,0
2026-08-24T17:14:01Z,43020,Rscript.exe,network-build,3840.2,0
2026-08-24T17:14:11Z,43020,Rscript.exe,network-build,3840.2,0
2026-08-24T17:14:21Z,43020,Rscript.exe,network-build,3839.8,0
2026-08-24T17:14:32Z,43020,Rscript.exe,network-build,3840.2,0
2026-08-24T17:14:42Z,43020,Rscript.exe,network-build,3840.1,0
2026-08-24T17:14:52Z,43020,Rscript.exe,network-build,3839.8,0
2026-08-24T17:15:02Z,43020,Rscript.exe,network-build,3840.2,0
2026-08-24T17:15:12Z,43020,Rscript.exe,network-build,3840.1,0
2026-08-24T17:15:22Z,43020,Rscript.exe,network-build,3840.2,0
2026-08-24T17:15:32Z,43020,Rscript.exe,network-build,3840.2,0
2026-08-24T17:15:42Z,43020,Rscript.exe,network-build,3839.8,0
2026-08-24T17:15:52Z,43020,Rscript.exe,network-build,3840,0
2026-08-24T17:16:02Z,43020,Rscript.exe,network-build,3839.8,0
2026-08-24T17:16:12Z,43020,Rscript.exe,network-build,3840.6,0
2026-08-24T17:16:22Z,43020,Rscript.exe,network-build,3840.1,0
2026-08-24T17:16:32Z,43020,Rscript.exe,network-build,3840.4,0
2026-08-24T17:16:43Z,43020,Rscript.exe,network-build,3840.3,0
2026-08-24T17:16:53Z,43020,Rscript.exe,network-build,3839.8,0
2026-08-24T17:17:03Z,43020,Rscript.exe,network-build,3840.6,0
2026-08-24T17:17:13Z,43020,Rscript.exe,network-build,3843.6,0
2026-08-24T17:17:23Z,43020,Rscript.exe,network-build,3840.5,0
2026-08-24T17:17:33Z,43020,Rscript.exe,network-build,3840.2,0
2026-08-24T17:17:43Z,43020,Rscript.exe,network-build,3839.8,0
2026-08-24T17:17:53Z,43020,Rscript.exe,network-build,3840.5,0
2026-08-24T17:18:03Z,43020,Rscript.exe,network-build,3840.4,0
2026-08-24T17:18:13Z,43020,Rscript.exe,network-build,3840.3,0
2026-08-24T17:18:23Z,43020,Rscript.exe,network-build,3840.4,0
2026-08-24T17:18:33Z,43020,Rscript.exe,network-build,3840.1,0
2026-08-24T17:18:43Z,43020,Rscript.exe,network-build,3839.8,0
2026-08-24T17:18:54Z,43020,Rscript.exe,network-build,3839.8,0
2026-08-24T17:19:04Z,43020,Rscript.exe,network-build,3839.8,0
2026-08-24T17:19:14Z,43020,Rscript.exe,network-build,3840.1,0
2026-08-24T17:19:24Z,43020,Rscript.exe,network-build,3840.2,0
2026-08-24T17:19:34Z,43020,Rscript.exe,network-build,3840.4,0
2026-08-24T17:19:44Z,43020,Rscript.exe,network-build,3840.4,0
2026-08-24T17:19:54Z,43020,Rscript.exe,network-build,3839.9,0
2026-08-24T17:20:04Z,43020,Rscript.exe,network-build,3839.8,0
2026-08-24T17:20:14Z,43020,Rscript.exe,network-build,3840.4,0
2026-08-24T17:20:24Z,43020,Rscript.exe,network-build,3840.5,0
2026-08-24T17:20:34Z,43020,Rscript.exe,network-build,3840.4,0
2026-08-24T17:20:44Z,43020,Rscript.exe,network-build,3839.9,0
2026-08-24T17:20:54Z,43020,Rscript.exe,network-build,3840.4,0
2026-08-24T17:21:05Z,43020,Rscript.exe,network-build,3840.7,0
2026-08-24T17:21:15Z,43020,Rscript.exe,network-build,3840.6,0
2026-08-24T17:21:25Z,43020,Rscript.exe,network-build,3840.3,0
2026-08-24T17:21:35Z,43020,Rscript.exe,network-build,3840.4,0
2026-08-24T17:21:45Z,43020,Rscript.exe,network-build,3840,0
2026-08-24T17:21:55Z,43020,Rscript.exe,network-build,3840.1,0
2026-08-24T17:22:05Z,43020,Rscript.exe,network-build,3840,0
2026-08-24T17:22:15Z,43020,Rscript.exe,network-build,3840.5,0
2026-08-24T17:22:25Z,43020,Rscript.exe,network-build,3840.4,0
2026-08-24T17:22:35Z,43020,Rscript.exe,network-build,3840.6,0
2026-08-24T17:22:45Z,43020,Rscript.exe,network-build,3840.1,0
2026-08-24T17:22:55Z,43020,Rscript.exe,network-build,3840.7,0
2026-08-24T17:23:05Z,43020,Rscript.exe,network-build,3840.3,0
2026-08-24T17:23:16Z,43020,Rscript.exe,network-build,3840.5,0
2026-08-24T17:23:26Z,43020,Rscript.exe,network-build,3840,0
2026-08-24T17:23:36Z,43020,Rscript.exe,network-build,3840.1,0
2026-08-24T17:23:46Z,43020,Rscript.exe,network-build,3840.3,0
2026-08-24T17:23:56Z,43020,Rscript.exe,network-build,3840.4,0
2026-08-24T17:24:06Z,43020,Rscript.exe,network-build,3840.4,0
2026-08-24T17:24:16Z,43020,Rscript.exe,network-build,3840,0
2026-08-24T17:24:26Z,43020,Rscript.exe,network-build,3840,0
2026-08-24T17:24:36Z,43020,Rscript.exe,network-build,3840.6,0
2026-08-24T17:24:46Z,43020,Rscript.exe,network-build,3840.5,0
2026-08-24T17:24:56Z,43020,Rscript.exe,network-build,3840.5,0
2026-08-24T17:25:06Z,43020,Rscript.exe,network-build,3840.7,0
2026-08-24T17:25:16Z,43020,Rscript.exe,network-build,3840.8,0
2026-08-24T17:25:27Z,43020,Rscript.exe,network-build,3840.1,0
2026-08-24T17:25:37Z,43020,Rscript.exe,network-build,3840.1,0
2026-08-24T17:25:47Z,43020,Rscript.exe,network-build,3840.4,0
2026-08-24T17:25:57Z,43020,Rscript.exe,network-build,3840.5,0
2026-08-24T17:26:07Z,43020,Rscript.exe,network-build,3840.7,0
2026-08-24T17:26:17Z,43020,Rscript.exe,network-build,3840.7,0
2026-08-24T17:26:27Z,43020,Rscript.exe,network-build,3840.1,0
2026-08-24T17:26:37Z,43020,Rscript.exe,network-build,3840.1,0
2026-08-24T17:26:47Z,43020,Rscript.exe,network-build,3840.1,0
2026-08-24T17:26:57Z,43020,Rscript.exe,network-build,3840.5,0
2026-08-24T17:27:07Z,43020,Rscript.exe,network-build,3840.6,0
2026-08-24T17:27:17Z,43020,Rscript.exe,network-build,3840.6,0
2026-08-24T17:27:27Z,43020,Rscript.exe,network-build,3840.6,0
2026-08-24T17:27:37Z,43020,Rscript.exe,network-build,3840.5,0
2026-08-24T17:27:47Z,43020,Rscript.exe,network-build,3840.6,0
2026-08-24T17:27:58Z,43020,Rscript.exe,network-build,3840.2,0
2026-08-24T17:28:08Z,43020,Rscript.exe,network-build,3840.1,0
2026-08-24T17:28:18Z,43020,Rscript.exe,network-build,3840.6,0
2026-08-24T17:28:28Z,43020,Rscript.exe,network-build,3840.6,0
2026-08-24T17:28:38Z,43020,Rscript.exe,network-build,3840.6,0
2026-08-24T17:28:48Z,43020,Rscript.exe,network-build,3840.7,0
2026-08-24T17:28:58Z,43020,Rscript.exe,network-build,3840.6,0
2026-08-24T17:29:08Z,43020,Rscript.exe,network-build,3840.2,0
2026-08-24T17:29:18Z,43020,Rscript.exe,network-build,3840.2,0
2026-08-24T17:29:28Z,43020,Rscript.exe,network-build,3840.1,0
2026-08-24T17:29:38Z,43020,Rscript.exe,network-build,3840.7,0
2026-08-24T17:29:48Z,43020,Rscript.exe,network-build,3840.6,0
2026-08-24T17:29:58Z,43020,Rscript.exe,network-build,3840.8,0
2026-08-24T17:30:08Z,43020,Rscript.exe,network-build,3840.3,0
2026-08-24T17:30:19Z,43020,Rscript.exe,network-build,3840.3,0
2026-08-24T17:30:29Z,43020,Rscript.exe,network-build,3840.7,0
2026-08-24T17:30:39Z,43020,Rscript.exe,network-build,3840.6,0
2026-08-24T17:30:49Z,43020,Rscript.exe,network-build,3840.9,0
2026-08-24T17:30:59Z,43020,Rscript.exe,network-build,3840.7,0
2026-08-24T17:31:09Z,43020,Rscript.exe,network-build,3840.3,0
2026-08-24T17:31:19Z,43020,Rscript.exe,network-build,3840.3,0
2026-08-24T17:31:29Z,43020,Rscript.exe,network-build,3840.8,0
2026-08-24T17:31:39Z,43020,Rscript.exe,network-build,3840.8,0
2026-08-24T17:31:49Z,43020,Rscript.exe,network-build,3841,0
2026-08-24T17:31:59Z,43020,Rscript.exe,network-build,3840.8,0
2026-08-24T17:32:09Z,43020,Rscript.exe,network-build,3839.5,0
2026-08-24T17:32:19Z,43020,Rscript.exe,network-build,3839.4,0
2026-08-24T17:32:30Z,43020,Rscript.exe,network-build,3839.3,0
2026-08-24T17:32:40Z,43020,Rscript.exe,network-build,3838.9,0
2026-08-24T17:32:50Z,43020,Rscript.exe,network-build,3838.9,0
2026-08-24T17:33:00Z,43020,Rscript.exe,network-build,3839.4,0
2026-08-24T17:33:10Z,43020,Rscript.exe,network-build,3839.4,0
2026-08-24T17:33:20Z,43020,Rscript.exe,network-build,3839.4,0
2026-08-24T17:33:30Z,43020,Rscript.exe,network-build,3839.2,0
2026-08-24T17:33:40Z,43020,Rscript.exe,network-build,3838.9,0
2026-08-24T17:33:50Z,43020,Rscript.exe,network-build,3839.4,0
2026-08-24T17:34:00Z,43020,Rscript.exe,network-build,3839.2,0
2026-08-24T17:34:10Z,43020,Rscript.exe,network-build,3839.1,0
2026-08-24T17:34:20Z,43020,Rscript.exe,network-build,3839.2,0
2026-08-24T17:34:31Z,43020,Rscript.exe,network-build,3839.5,0
2026-08-24T17:34:41Z,43020,Rscript.exe,network-build,3838.8,0
2026-08-24T17:34:51Z,43020,Rscript.exe,network-build,3838.8,0
2026-08-24T17:35:01Z,43020,Rscript.exe,network-build,3838.8,0
2026-08-24T17:35:11Z,43020,Rscript.exe,network-build,3839.4,0
2026-08-24T17:35:21Z,43020,Rscript.exe,network-build,3839.2,0
2026-08-24T17:35:31Z,43020,Rscript.exe,network-build,3839.1,0
2026-08-24T17:35:41Z,43020,Rscript.exe,network-build,3839.3,0
2026-08-24T17:35:51Z,43020,Rscript.exe,network-build,3839.3,0
2026-08-24T17:36:01Z,43020,Rscript.exe,network-build,3839.1,0
2026-08-24T17:36:11Z,43020,Rscript.exe,network-build,3839.3,0
2026-08-24T17:36:21Z,43020,Rscript.exe,network-build,3839.3,0
2026-08-24T17:36:32Z,43020,Rscript.exe,network-build,3838.9,0
2026-08-24T17:36:42Z,43020,Rscript.exe,network-build,3838.8,0
2026-08-24T17:36:52Z,43020,Rscript.exe,network-build,3838.8,0
2026-08-24T17:37:02Z,43020,Rscript.exe,network-build,3839.4,0
2026-08-24T17:37:12Z,43020,Rscript.exe,network-build,3839.5,0
2026-08-24T17:37:22Z,43020,Rscript.exe,network-build,3839.3,0
2026-08-24T17:37:32Z,43020,Rscript.exe,network-build,3839.3,0
2026-08-24T17:37:42Z,43020,Rscript.exe,network-build,3839.6,0
2026-08-24T17:37:52Z,43020,Rscript.exe,network-build,3839.4,0
2026-08-24T17:38:02Z,43020,Rscript.exe,network-build,3839.4,0
2026-08-24T17:38:12Z,43020,Rscript.exe,network-build,3839.3,0
2026-08-24T17:38:22Z,43020,Rscript.exe,network-build,3839.2,0
2026-08-24T17:38:32Z,43020,Rscript.exe,network-build,3839.2,0
2026-08-24T17:38:43Z,43020,Rscript.exe,network-build,3838.8,0
2026-08-24T17:38:53Z,43020,Rscript.exe,network-build,3838.8,0
2026-08-24T17:39:03Z,43020,Rscript.exe,network-build,3838.9,0
2026-08-24T17:39:13Z,43020,Rscript.exe,network-build,3839.3,0
2026-08-24T17:39:23Z,43020,Rscript.exe,network-build,3839.3,0
2026-08-24T17:39:33Z,43020,Rscript.exe,network-build,3839.4,0
2026-08-24T17:39:43Z,43020,Rscript.exe,network-build,3839.5,0
2026-08-24T17:39:53Z,43020,Rscript.exe,network-build,3839.5,0
2026-08-24T17:40:03Z,43020,Rscript.exe,network-build,3839.5,0
2026-08-24T17:40:13Z,43020,Rscript.exe,network-build,3839.4,0
2026-08-24T17:40:23Z,43020,Rscript.exe,network-build,3839.5,0
2026-08-24T17:40:33Z,43020,Rscript.exe,network-build,3856.8,0
2026-08-24T17:40:43Z,43020,Rscript.exe,network-build,3839.4,0
2026-08-24T17:40:53Z,43020,Rscript.exe,network-build,3839,0
2026-08-24T17:41:03Z,43020,Rscript.exe,network-build,3839,0
2026-08-24T17:41:14Z,43020,Rscript.exe,network-build,3838.9,0
2026-08-24T17:41:24Z,43020,Rscript.exe,network-build,3839.4,0
2026-08-24T17:41:34Z,43020,Rscript.exe,network-build,3839.7,0
2026-08-24T17:41:44Z,43020,Rscript.exe,network-build,3839.6,0
2026-08-24T17:41:54Z,43020,Rscript.exe,network-build,3839.5,0
2026-08-24T17:42:04Z,43020,Rscript.exe,network-build,3839.5,0
2026-08-24T17:42:14Z,43020,Rscript.exe,network-build,3839.4,0
2026-08-24T17:42:24Z,43020,Rscript.exe,network-build,3839,0
2026-08-24T17:42:34Z,43020,Rscript.exe,network-build,3839,0
2026-08-24T17:42:44Z,43020,Rscript.exe,network-build,3839,0
2026-08-24T17:42:54Z,43020,Rscript.exe,network-build,3839,0
2026-08-24T17:43:04Z,43020,Rscript.exe,network-build,3839.6,0
2026-08-24T17:43:14Z,43020,Rscript.exe,network-build,3839.6,0
2026-08-24T17:43:24Z,43020,Rscript.exe,network-build,3839.5,0
2026-08-24T17:43:34Z,43020,Rscript.exe,network-build,3839.4,0
2026-08-24T17:43:45Z,43020,Rscript.exe,network-build,3839.6,0
2026-08-24T17:43:55Z,43020,Rscript.exe,network-build,3839,0
2026-08-24T17:44:05Z,43020,Rscript.exe,network-build,3839.9,0
2026-08-24T17:44:15Z,43020,Rscript.exe,network-build,3839.4,0
2026-08-24T17:44:25Z,43020,Rscript.exe,network-build,3839.4,0
2026-08-24T17:44:35Z,43020,Rscript.exe,network-build,3839.4,0
2026-08-24T17:44:45Z,43020,Rscript.exe,network-build,3839.5,0
2026-08-24T17:44:55Z,43020,Rscript.exe,network-build,3839.4,0
2026-08-24T17:45:05Z,43020,Rscript.exe,network-build,3839.4,0
2026-08-24T17:45:15Z,43020,Rscript.exe,network-build,3839.4,0
2026-08-24T17:45:25Z,43020,Rscript.exe,network-build,3839.5,0
2026-08-24T17:45:35Z,43020,Rscript.exe,network-build,3839.3,0
2026-08-24T17:45:45Z,43020,Rscript.exe,network-build,3839.4,0
2026-08-24T17:45:56Z,43020,Rscript.exe,network-build,3839.6,0
2026-08-24T17:46:06Z,43020,Rscript.exe,network-build,3839.6,0
2026-08-24T17:46:16Z,43020,Rscript.exe,network-build,3839.5,0
2026-08-24T17:46:26Z,43020,Rscript.exe,network-build,3839.4,0
2026-08-24T17:46:36Z,43020,Rscript.exe,network-build,3839.2,0
2026-08-24T17:46:46Z,43020,Rscript.exe,network-build,3839,0
2026-08-24T17:46:56Z,43020,Rscript.exe,network-build,3839,0
2026-08-24T17:47:06Z,43020,Rscript.exe,network-build,3839,0
2026-08-24T17:47:16Z,43020,Rscript.exe,network-build,3839.4,0
2026-08-24T17:47:26Z,43020,Rscript.exe,network-build,3839.7,0
2026-08-24T17:47:36Z,43020,Rscript.exe,network-build,3839.5,0
2026-08-24T17:47:46Z,43020,Rscript.exe,network-build,3839.6,0
2026-08-24T17:47:56Z,43020,Rscript.exe,network-build,3846.6,0
2026-08-24T17:48:06Z,43020,Rscript.exe,network-build,3839.7,0
2026-08-24T17:48:16Z,43020,Rscript.exe,network-build,3839.8,0
2026-08-24T17:48:27Z,43020,Rscript.exe,network-build,3839.5,0
2026-08-24T17:48:37Z,43020,Rscript.exe,network-build,3839.6,0
2026-08-24T17:48:47Z,43020,Rscript.exe,network-build,3839.5,0
2026-08-24T17:48:57Z,43020,Rscript.exe,network-build,3839.5,0
2026-08-24T17:49:07Z,43020,Rscript.exe,network-build,3839.6,0
2026-08-24T17:49:17Z,43020,Rscript.exe,network-build,3839.5,0
2026-08-24T17:49:27Z,43020,Rscript.exe,network-build,3839.7,0
2026-08-24T17:49:37Z,43020,Rscript.exe,network-build,3839.4,0
2026-08-24T17:49:47Z,43020,Rscript.exe,network-build,3839.4,0
2026-08-24T17:49:57Z,43020,Rscript.exe,network-build,3839.2,0
2026-08-24T17:50:07Z,43020,Rscript.exe,network-build,3839.7,0
2026-08-24T17:50:17Z,43020,Rscript.exe,network-build,3839.5,0
2026-08-24T17:50:27Z,43020,Rscript.exe,network-build,3839.4,0
2026-08-24T17:50:38Z,43020,Rscript.exe,network-build,3839.5,0
2026-08-24T17:50:48Z,43020,Rscript.exe,network-build,3839.5,0
2026-08-24T17:50:58Z,43020,Rscript.exe,network-build,3839.4,0
2026-08-24T17:51:08Z,43020,Rscript.exe,network-build,3839.5,0
2026-08-24T17:51:18Z,43020,Rscript.exe,network-build,3839.4,0
2026-08-24T17:51:28Z,43020,Rscript.exe,network-build,3839,0
2026-08-24T17:51:38Z,43020,Rscript.exe,network-build,3839,0
2026-08-24T17:51:48Z,43020,Rscript.exe,network-build,3839,0
2026-08-24T17:51:58Z,43020,Rscript.exe,network-build,3839,0
2026-08-24T17:52:08Z,43020,Rscript.exe,network-build,3838.9,0
2026-08-24T17:52:18Z,43020,Rscript.exe,network-build,3839.5,0
2026-08-24T17:52:28Z,43020,Rscript.exe,network-build,3839.5,0
2026-08-24T17:52:38Z,43020,Rscript.exe,network-build,3839.5,0
2026-08-24T17:52:48Z,43020,Rscript.exe,network-build,3839.4,0
2026-08-24T17:52:59Z,43020,Rscript.exe,network-build,3839.4,0
2026-08-24T17:53:09Z,43020,Rscript.exe,network-build,3839.5,0
2026-08-24T17:53:19Z,43020,Rscript.exe,network-build,3839.5,0
2026-08-24T17:53:29Z,43020,Rscript.exe,network-build,3839.4,0
2026-08-24T17:53:39Z,43020,Rscript.exe,network-build,3839.4,0
2026-08-24T17:53:49Z,43020,Rscript.exe,network-build,3839.4,0
2026-08-24T17:53:59Z,43020,Rscript.exe,network-build,3839.4,0
2026-08-24T17:54:09Z,43020,Rscript.exe,network-build,3839.6,0
2026-08-24T17:54:19Z,43020,Rscript.exe,network-build,3839.5,0
2026-08-24T17:54:29Z,43020,Rscript.exe,network-build,3839,0
2026-08-24T17:54:39Z,43020,Rscript.exe,network-build,3839,0
2026-08-24T17:54:49Z,43020,Rscript.exe,network-build,3839,0
2026-08-24T17:54:59Z,43020,Rscript.exe,network-build,3838.9,0
2026-08-24T17:55:10Z,43020,Rscript.exe,network-build,3839,0
2026-08-24T17:55:20Z,43020,Rscript.exe,network-build,3839,0
2026-08-24T17:55:30Z,43020,Rscript.exe,network-build,3838.9,0
2026-08-24T17:55:40Z,43020,Rscript.exe,network-build,3839.6,0
2026-08-24T17:55:50Z,43020,Rscript.exe,network-build,3839,0
2026-08-24T17:56:00Z,43020,Rscript.exe,network-build,3839,0
2026-08-24T17:56:10Z,43020,Rscript.exe,network-build,3838.9,0
2026-08-24T17:56:20Z,43020,Rscript.exe,network-build,3839,0
2026-08-24T17:56:30Z,43020,Rscript.exe,network-build,3839.6,0
2026-08-24T17:56:40Z,43020,Rscript.exe,network-build,3839,0
2026-08-24T17:56:50Z,43020,Rscript.exe,network-build,3839,0
2026-08-24T17:57:00Z,43020,Rscript.exe,network-build,3839.3,0
2026-08-24T17:57:10Z,43020,Rscript.exe,network-build,3839,0
2026-08-24T17:57:20Z,43020,Rscript.exe,network-build,3839.5,0
2026-08-24T17:57:30Z,43020,Rscript.exe,network-build,6339.2,0
2026-08-24T17:57:41Z,43020,Rscript.exe,network-build,7606.9,0
2026-08-24T17:58:31Z,39144,Rscript.exe,other,627.6,0
